distrito,sector,uso_grupo,compatibilidad_desc,conteo
A1,A - Santorales,Agricola,,7
A1,A - Santorales,Comercio y servicios,,94
A1,A - Santorales,Equipamiento,,69
A1,A - Santorales,Habitacional,,14
A1,A - Santorales,Industrial,,33
A1,A - Santorales,Infraestructura,,10
B1,B - Nacionalista-Orizaba,Agricola,Compatible,3
B1,B - Nacionalista-Orizaba,Agricola,No permitida,4
B1,B - Nacionalista-Orizaba,Comercio y servicios,Compatible,67
B1,B - Nacionalista-Orizaba,Comercio y servicios,Condicionada,20
B1,B - Nacionalista-Orizaba,Comercio y servicios,No permitida,7
B1,B - Nacionalista-Orizaba,Equipamiento,Compatible,50
B1,B - Nacionalista-Orizaba,Equipamiento,Condicionada,7
B1,B - Nacionalista-Orizaba,Equipamiento,No permitida,12
B1,B - Nacionalista-Orizaba,Habitacional,Compatible,8
B1,B - Nacionalista-Orizaba,Habitacional,Condicionada,2
B1,B - Nacionalista-Orizaba,Habitacional,No permitida,4
B1,B - Nacionalista-Orizaba,Industrial,Compatible,12
B1,B - Nacionalista-Orizaba,Industrial,Condicionada,9
B1,B - Nacionalista-Orizaba,Industrial,No permitida,12
B1,B - Nacionalista-Orizaba,Infraestructura,Compatible,4
B1,B - Nacionalista-Orizaba,Infraestructura,Condicionada,3
B1,B - Nacionalista-Orizaba,Infraestructura,No permitida,3
B2,B - Nacionalista-Orizaba,Agricola,No permitida,7
B2,B - Nacionalista-Orizaba,Comercio y servicios,Compatible,66
B2,B - Nacionalista-Orizaba,Comercio y servicios,Condicionada,16
B2,B - Nacionalista-Orizaba,Comercio y servicios,No permitida,12
B2,B - Nacionalista-Orizaba,Equipamiento,Compatible,41
B2,B - Nacionalista-Orizaba,Equipamiento,Condicionada,2
B2,B - Nacionalista-Orizaba,Equipamiento,No permitida,26
B2,B - Nacionalista-Orizaba,Habitacional,Compatible,8
B2,B - Nacionalista-Orizaba,Habitacional,Condicionada,2
B2,B - Nacionalista-Orizaba,Habitacional,No permitida,4
B2,B - Nacionalista-Orizaba,Industrial,Compatible,8
B2,B - Nacionalista-Orizaba,Industrial,Condicionada,9
B2,B - Nacionalista-Orizaba,Industrial,No permitida,16
B2,B - Nacionalista-Orizaba,Infraestructura,Compatible,4
B2,B - Nacionalista-Orizaba,Infraestructura,Condicionada,3
B2,B - Nacionalista-Orizaba,Infraestructura,No permitida,3
B3,B - Nacionalista-Orizaba,Agricola,No permitida,7
B3,B - Nacionalista-Orizaba,Comercio y servicios,Compatible,66
B3,B - Nacionalista-Orizaba,Comercio y servicios,Condicionada,14
B3,B - Nacionalista-Orizaba,Comercio y servicios,No permitida,14
B3,B - Nacionalista-Orizaba,Equipamiento,Compatible,41
B3,B - Nacionalista-Orizaba,Equipamiento,Condicionada,2
B3,B - Nacionalista-Orizaba,Equipamiento,No permitida,26
B3,B - Nacionalista-Orizaba,Habitacional,Compatible,10
B3,B - Nacionalista-Orizaba,Habitacional,No permitida,4
B3,B - Nacionalista-Orizaba,Industrial,Compatible,8
B3,B - Nacionalista-Orizaba,Industrial,Condicionada,7
B3,B - Nacionalista-Orizaba,Industrial,No permitida,18
B3,B - Nacionalista-Orizaba,Infraestructura,Compatible,4
B3,B - Nacionalista-Orizaba,Infraestructura,Condicionada,3
B3,B - Nacionalista-Orizaba,Infraestructura,No permitida,3
B4,B - Nacionalista-Orizaba,Agricola,No permitida,7
B4,B - Nacionalista-Orizaba,Comercio y servicios,Compatible,64
B4,B - Nacionalista-Orizaba,Comercio y servicios,Condicionada,20
B4,B - Nacionalista-Orizaba,Comercio y servicios,No permitida,10
B4,B - Nacionalista-Orizaba,Equipamiento,Compatible,46
B4,B - Nacionalista-Orizaba,Equipamiento,Condicionada,8
B4,B - Nacionalista-Orizaba,Equipamiento,No permitida,15
B4,B - Nacionalista-Orizaba,Habitacional,Compatible,8
B4,B - Nacionalista-Orizaba,Habitacional,Condicionada,2
B4,B - Nacionalista-Orizaba,Habitacional,No permitida,4
B4,B - Nacionalista-Orizaba,Industrial,Compatible,11
B4,B - Nacionalista-Orizaba,Industrial,Condicionada,6
B4,B - Nacionalista-Orizaba,Industrial,No permitida,16
B4,B - Nacionalista-Orizaba,Infraestructura,Compatible,4
B4,B - Nacionalista-Orizaba,Infraestructura,Condicionada,3
B4,B - Nacionalista-Orizaba,Infraestructura,No permitida,3
B5,B - Nacionalista-Orizaba,Agricola,No permitida,7
B5,B - Nacionalista-Orizaba,Comercio y servicios,Compatible,66
B5,B - Nacionalista-Orizaba,Comercio y servicios,Condicionada,14
B5,B - Nacionalista-Orizaba,Comercio y servicios,No permitida,14
B5,B - Nacionalista-Orizaba,Equipamiento,Compatible,41
B5,B - Nacionalista-Orizaba,Equipamiento,Condicionada,6
B5,B - Nacionalista-Orizaba,Equipamiento,No permitida,22
B5,B - Nacionalista-Orizaba,Habitacional,Compatible,10
B5,B - Nacionalista-Orizaba,Habitacional,No permitida,4
B5,B - Nacionalista-Orizaba,Industrial,Compatible,8
B5,B - Nacionalista-Orizaba,Industrial,Condicionada,8
B5,B - Nacionalista-Orizaba,Industrial,No permitida,17
B5,B - Nacionalista-Orizaba,Infraestructura,Compatible,4
B5,B - Nacionalista-Orizaba,Infraestructura,Condicionada,3
B5,B - Nacionalista-Orizaba,Infraestructura,No permitida,3
B6,B - Nacionalista-Orizaba,Agricola,No permitida,7
B6,B - Nacionalista-Orizaba,Comercio y servicios,Compatible,63
B6,B - Nacionalista-Orizaba,Comercio y servicios,Condicionada,23
B6,B - Nacionalista-Orizaba,Comercio y servicios,No permitida,8
B6,B - Nacionalista-Orizaba,Equipamiento,Compatible,37
B6,B - Nacionalista-Orizaba,Equipamiento,Condicionada,3
B6,B - Nacionalista-Orizaba,Equipamiento,No permitida,29
B6,B - Nacionalista-Orizaba,Habitacional,Compatible,8
B6,B - Nacionalista-Orizaba,Habitacional,Condicionada,2
B6,B - Nacionalista-Orizaba,Habitacional,No permitida,4
B6,B - Nacionalista-Orizaba,Industrial,Compatible,11
B6,B - Nacionalista-Orizaba,Industrial,Condicionada,7
B6,B - Nacionalista-Orizaba,Industrial,No permitida,15
B6,B - Nacionalista-Orizaba,Infraestructura,Compatible,4
B6,B - Nacionalista-Orizaba,Infraestructura,Condicionada,3
B6,B - Nacionalista-Orizaba,Infraestructura,No permitida,3
B7,B - Nacionalista-Orizaba,Agricola,No permitida,7
B7,B - Nacionalista-Orizaba,Comercio y servicios,Compatible,66
B7,B - Nacionalista-Orizaba,Comercio y servicios,Condicionada,16
B7,B - Nacionalista-Orizaba,Comercio y servicios,No permitida,12
B7,B - Nacionalista-Orizaba,Equipamiento,Compatible,41
B7,B - Nacionalista-Orizaba,Equipamiento,Condicionada,3
B7,B - Nacionalista-Orizaba,Equipamiento,No permitida,25
B7,B - Nacionalista-Orizaba,Habitacional,Compatible,10
B7,B - Nacionalista-Orizaba,Habitacional,No permitida,4
B7,B - Nacionalista-Orizaba,Industrial,Compatible,7
B7,B - Nacionalista-Orizaba,Industrial,Condicionada,8
B7,B - Nacionalista-Orizaba,Industrial,No permitida,18
B7,B - Nacionalista-Orizaba,Infraestructura,Compatible,4
B7,B - Nacionalista-Orizaba,Infraestructura,Condicionada,3
B7,B - Nacionalista-Orizaba,Infraestructura,No permitida,3
C1,C - Central,Agricola,No permitida,7
C1,C - Central,Comercio y servicios,Compatible,66
C1,C - Central,Comercio y servicios,Condicionada,20
C1,C - Central,Comercio y servicios,No permitida,8
C1,C - Central,Equipamiento,Compatible,42
C1,C - Central,Equipamiento,Condicionada,9
C1,C - Central,Equipamiento,No permitida,18
C1,C - Central,Habitacional,Compatible,8
C1,C - Central,Habitacional,Condicionada,2
C1,C - Central,Habitacional,No permitida,4
C1,C - Central,Industrial,Compatible,12
C1,C - Central,Industrial,Condicionada,9
C1,C - Central,Industrial,No permitida,12
C1,C - Central,Infraestructura,Compatible,4
C1,C - Central,Infraestructura,Condicionada,3
C1,C - Central,Infraestructura,No permitida,3
C10,C - Central,Agricola,No permitida,7
C10,C - Central,Comercio y servicios,Compatible,26
C10,C - Central,Comercio y servicios,Condicionada,26
C10,C - Central,Comercio y servicios,No permitida,42
C10,C - Central,Equipamiento,Compatible,16
C10,C - Central,Equipamiento,No permitida,53
C10,C - Central,Habitacional,Condicionada,8
C10,C - Central,Habitacional,No permitida,6
C10,C - Central,Industrial,Compatible,1
C10,C - Central,Industrial,Condicionada,1
C10,C - Central,Industrial,No permitida,31
C10,C - Central,Infraestructura,Compatible,4
C10,C - Central,Infraestructura,Condicionada,3
C10,C - Central,Infraestructura,No permitida,3
C11,C - Central,Agricola,No permitida,7
C11,C - Central,Comercio y servicios,Compatible,58
C11,C - Central,Comercio y servicios,Condicionada,16
C11,C - Central,Comercio y servicios,No permitida,20
C11,C - Central,Equipamiento,Compatible,53
C11,C - Central,Equipamiento,Condicionada,4
C11,C - Central,Equipamiento,No permitida,12
C11,C - Central,Habitacional,Compatible,10
C11,C - Central,Habitacional,No permitida,4
C11,C - Central,Industrial,Compatible,6
C11,C - Central,Industrial,Condicionada,14
C11,C - Central,Industrial,No permitida,13
C11,C - Central,Infraestructura,Compatible,4
C11,C - Central,Infraestructura,Condicionada,3
C11,C - Central,Infraestructura,No permitida,3
C12,C - Central,Agricola,No permitida,7
C12,C - Central,Comercio y servicios,Compatible,31
C12,C - Central,Comercio y servicios,Condicionada,9
C12,C - Central,Comercio y servicios,No permitida,54
C12,C - Central,Equipamiento,Compatible,24
C12,C - Central,Equipamiento,Condicionada,1
C12,C - Central,Equipamiento,No permitida,44
C12,C - Central,Habitacional,Compatible,10
C12,C - Central,Habitacional,No permitida,4
C12,C - Central,Industrial,Compatible,6
C12,C - Central,Industrial,Condicionada,9
C12,C - Central,Industrial,No permitida,18
C12,C - Central,Infraestructura,Compatible,4
C12,C - Central,Infraestructura,Condicionada,3
C12,C - Central,Infraestructura,No permitida,3
C13,C - Central,Agricola,No permitida,7
C13,C - Central,Comercio y servicios,Compatible,53
C13,C - Central,Comercio y servicios,Condicionada,23
C13,C - Central,Comercio y servicios,No permitida,18
C13,C - Central,Equipamiento,Compatible,50
C13,C - Central,Equipamiento,Condicionada,3
C13,C - Central,Equipamiento,No permitida,16
C13,C - Central,Habitacional,Compatible,10
C13,C - Central,Habitacional,No permitida,4
C13,C - Central,Industrial,Compatible,6
C13,C - Central,Industrial,Condicionada,13
C13,C - Central,Industrial,No permitida,14
C13,C - Central,Infraestructura,Compatible,4
C13,C - Central,Infraestructura,Condicionada,3
C13,C - Central,Infraestructura,No permitida,3
C14,C - Central,Agricola,No permitida,7
C14,C - Central,Comercio y servicios,Compatible,53
C14,C - Central,Comercio y servicios,Condicionada,17
C14,C - Central,Comercio y servicios,No permitida,24
C14,C - Central,Equipamiento,Compatible,25
C14,C - Central,Equipamiento,Condicionada,12
C14,C - Central,Equipamiento,No permitida,32
C14,C - Central,Habitacional,Compatible,10
C14,C - Central,Habitacional,No permitida,4
C14,C - Central,Industrial,Compatible,6
C14,C - Central,Industrial,Condicionada,3
C14,C - Central,Industrial,No permitida,24
C14,C - Central,Infraestructura,Compatible,4
C14,C - Central,Infraestructura,Condicionada,3
C14,C - Central,Infraestructura,No permitida,3
C15,C - Central,Agricola,No permitida,7
C15,C - Central,Comercio y servicios,Compatible,55
C15,C - Central,Comercio y servicios,Condicionada,17
C15,C - Central,Comercio y servicios,No permitida,22
C15,C - Central,Equipamiento,Compatible,25
C15,C - Central,Equipamiento,Condicionada,2
C15,C - Central,Equipamiento,No permitida,42
C15,C - Central,Habitacional,Compatible,6
C15,C - Central,Habitacional,Condicionada,4
C15,C - Central,Habitacional,No permitida,4
C15,C - Central,Industrial,Compatible,10
C15,C - Central,Industrial,Condicionada,10
C15,C - Central,Industrial,No permitida,13
C15,C - Central,Infraestructura,Compatible,4
C15,C - Central,Infraestructura,Condicionada,4
C15,C - Central,Infraestructura,No permitida,2
C16,C - Central,Agricola,No permitida,7
C16,C - Central,Comercio y servicios,Compatible,54
C16,C - Central,Comercio y servicios,Condicionada,20
C16,C - Central,Comercio y servicios,No permitida,20
C16,C - Central,Equipamiento,Compatible,50
C16,C - Central,Equipamiento,Condicionada,7
C16,C - Central,Equipamiento,No permitida,12
C16,C - Central,Habitacional,Compatible,10
C16,C - Central,Habitacional,No permitida,4
C16,C - Central,Industrial,Compatible,6
C16,C - Central,Industrial,Condicionada,13
C16,C - Central,Industrial,No permitida,14
C16,C - Central,Infraestructura,Compatible,4
C16,C - Central,Infraestructura,Condicionada,3
C16,C - Central,Infraestructura,No permitida,3
C17,C - Central,Agricola,No permitida,7
C17,C - Central,Comercio y servicios,Compatible,54
C17,C - Central,Comercio y servicios,Condicionada,20
C17,C - Central,Comercio y servicios,No permitida,20
C17,C - Central,Equipamiento,Compatible,50
C17,C - Central,Equipamiento,Condicionada,5
C17,C - Central,Equipamiento,No permitida,14
C17,C - Central,Habitacional,Compatible,10
C17,C - Central,Habitacional,No permitida,4
C17,C - Central,Industrial,Compatible,6
C17,C - Central,Industrial,Condicionada,13
C17,C - Central,Industrial,No permitida,14
C17,C - Central,Infraestructura,Compatible,4
C17,C - Central,Infraestructura,Condicionada,3
C17,C - Central,Infraestructura,No permitida,3
C18,C - Central,Agricola,No permitida,7
C18,C - Central,Comercio y servicios,Compatible,54
C18,C - Central,Comercio y servicios,Condicionada,15
C18,C - Central,Comercio y servicios,No permitida,25
C18,C - Central,Equipamiento,Compatible,48
C18,C - Central,Equipamiento,Condicionada,6
C18,C - Central,Equipamiento,No permitida,15
C18,C - Central,Habitacional,No permitida,14
C18,C - Central,Industrial,Compatible,1
C18,C - Central,Industrial,Condicionada,3
C18,C - Central,Industrial,No permitida,29
C18,C - Central,Infraestructura,Compatible,4
C18,C - Central,Infraestructura,Condicionada,3
C18,C - Central,Infraestructura,No permitida,3
C19,C - Central,Agricola,No permitida,7
C19,C - Central,Comercio y servicios,Compatible,53
C19,C - Central,Comercio y servicios,Condicionada,21
C19,C - Central,Comercio y servicios,No permitida,20
C19,C - Central,Equipamiento,Compatible,49
C19,C - Central,Equipamiento,Condicionada,6
C19,C - Central,Equipamiento,No permitida,14
C19,C - Central,Habitacional,Compatible,10
C19,C - Central,Habitacional,No permitida,4
C19,C - Central,Industrial,Compatible,6
C19,C - Central,Industrial,Condicionada,6
C19,C - Central,Industrial,No permitida,21
C19,C - Central,Infraestructura,Compatible,4
C19,C - Central,Infraestructura,Condicionada,3
C19,C - Central,Infraestructura,No permitida,3
C2,C - Central,Agricola,No permitida,7
C2,C - Central,Comercio y servicios,Compatible,57
C2,C - Central,Comercio y servicios,Condicionada,20
C2,C - Central,Comercio y servicios,No permitida,17
C2,C - Central,Equipamiento,Compatible,44
C2,C - Central,Equipamiento,Condicionada,7
C2,C - Central,Equipamiento,No permitida,18
C2,C - Central,Habitacional,Compatible,10
C2,C - Central,Habitacional,No permitida,4
C2,C - Central,Industrial,Compatible,6
C2,C - Central,Industrial,Condicionada,12
C2,C - Central,Industrial,No permitida,15
C2,C - Central,Infraestructura,Compatible,4
C2,C - Central,Infraestructura,Condicionada,3
C2,C - Central,Infraestructura,No permitida,3
C20,C - Central,Agricola,No permitida,7
C20,C - Central,Comercio y servicios,Compatible,53
C20,C - Central,Comercio y servicios,Condicionada,22
C20,C - Central,Comercio y servicios,No permitida,19
C20,C - Central,Equipamiento,Compatible,50
C20,C - Central,Equipamiento,Condicionada,4
C20,C - Central,Equipamiento,No permitida,15
C20,C - Central,Habitacional,Compatible,10
C20,C - Central,Habitacional,No permitida,4
C20,C - Central,Industrial,Compatible,6
C20,C - Central,Industrial,Condicionada,13
C20,C - Central,Industrial,No permitida,14
C20,C - Central,Infraestructura,Compatible,4
C20,C - Central,Infraestructura,Condicionada,3
C20,C - Central,Infraestructura,No permitida,3
C21,C - Central,Agricola,No permitida,7
C21,C - Central,Comercio y servicios,Compatible,54
C21,C - Central,Comercio y servicios,Condicionada,19
C21,C - Central,Comercio y servicios,No permitida,21
C21,C - Central,Equipamiento,Compatible,14
C21,C - Central,Equipamiento,Condicionada,5
C21,C - Central,Equipamiento,No permitida,50
C21,C - Central,Habitacional,No permitida,14
C21,C - Central,Industrial,Compatible,10
C21,C - Central,Industrial,Condicionada,10
C21,C - Central,Industrial,No permitida,13
C21,C - Central,Infraestructura,Compatible,4
C21,C - Central,Infraestructura,Condicionada,3
C21,C - Central,Infraestructura,No permitida,3
C22,C - Central,Agricola,No permitida,7
C22,C - Central,Comercio y servicios,Compatible,58
C22,C - Central,Comercio y servicios,Condicionada,18
C22,C - Central,Comercio y servicios,No permitida,18
C22,C - Central,Equipamiento,Compatible,51
C22,C - Central,Equipamiento,Condicionada,3
C22,C - Central,Equipamiento,No permitida,15
C22,C - Central,Habitacional,Compatible,10
C22,C - Central,Habitacional,No permitida,4
C22,C - Central,Industrial,Compatible,3
C22,C - Central,Industrial,Condicionada,10
C22,C - Central,Industrial,No permitida,20
C22,C - Central,Infraestructura,Compatible,4
C22,C - Central,Infraestructura,Condicionada,3
C22,C - Central,Infraestructura,No permitida,3
C23,C - Central,Agricola,No permitida,7
C23,C - Central,Comercio y servicios,Compatible,53
C23,C - Central,Comercio y servicios,Condicionada,21
C23,C - Central,Comercio y servicios,No permitida,20
C23,C - Central,Equipamiento,Compatible,48
C23,C - Central,Equipamiento,Condicionada,3
C23,C - Central,Equipamiento,No permitida,18
C23,C - Central,Habitacional,Compatible,10
C23,C - Central,Habitacional,No permitida,4
C23,C - Central,Industrial,Compatible,3
C23,C - Central,Industrial,Condicionada,13
C23,C - Central,Industrial,No permitida,17
C23,C - Central,Infraestructura,Compatible,4
C23,C - Central,Infraestructura,Condicionada,3
C23,C - Central,Infraestructura,No permitida,3
C24,C - Central,Agricola,No permitida,7
C24,C - Central,Comercio y servicios,Compatible,53
C24,C - Central,Comercio y servicios,Condicionada,21
C24,C - Central,Comercio y servicios,No permitida,20
C24,C - Central,Equipamiento,Compatible,38
C24,C - Central,Equipamiento,Condicionada,8
C24,C - Central,Equipamiento,No permitida,23
C24,C - Central,Habitacional,Compatible,10
C24,C - Central,Habitacional,No permitida,4
C24,C - Central,Industrial,Compatible,6
C24,C - Central,Industrial,Condicionada,13
C24,C - Central,Industrial,No permitida,14
C24,C - Central,Infraestructura,Compatible,4
C24,C - Central,Infraestructura,Condicionada,3
C24,C - Central,Infraestructura,No permitida,3
C25,C - Central,Agricola,No permitida,7
C25,C - Central,Comercio y servicios,Compatible,53
C25,C - Central,Comercio y servicios,Condicionada,23
C25,C - Central,Comercio y servicios,No permitida,18
C25,C - Central,Equipamiento,Compatible,20
C25,C - Central,Equipamiento,Condicionada,4
C25,C - Central,Equipamiento,No permitida,45
C25,C - Central,Habitacional,No permitida,14
C25,C - Central,Industrial,Compatible,1
C25,C - Central,Industrial,Condicionada,6
C25,C - Central,Industrial,No permitida,26
C25,C - Central,Infraestructura,Compatible,4
C25,C - Central,Infraestructura,Condicionada,3
C25,C - Central,Infraestructura,No permitida,3
C26,C - Central,Agricola,No permitida,7
C26,C - Central,Comercio y servicios,Compatible,54
C26,C - Central,Comercio y servicios,Condicionada,26
C26,C - Central,Comercio y servicios,No permitida,14
C26,C - Central,Equipamiento,Compatible,51
C26,C - Central,Equipamiento,Condicionada,5
C26,C - Central,Equipamiento,No permitida,13
C26,C - Central,Habitacional,Compatible,10
C26,C - Central,Habitacional,No permitida,4
C26,C - Central,Industrial,Compatible,6
C26,C - Central,Industrial,Condicionada,13
C26,C - Central,Industrial,No permitida,14
C26,C - Central,Infraestructura,Compatible,4
C26,C - Central,Infraestructura,Condicionada,4
C26,C - Central,Infraestructura,No permitida,2
C3,C - Central,Agricola,No permitida,7
C3,C - Central,Comercio y servicios,Compatible,11
C3,C - Central,Comercio y servicios,Condicionada,6
C3,C - Central,Comercio y servicios,No permitida,77
C3,C - Central,Equipamiento,Compatible,8
C3,C - Central,Equipamiento,Condicionada,3
C3,C - Central,Equipamiento,No permitida,58
C3,C - Central,Habitacional,No permitida,14
C3,C - Central,Industrial,Compatible,4
C3,C - Central,Industrial,Condicionada,1
C3,C - Central,Industrial,No permitida,28
C3,C - Central,Infraestructura,Compatible,4
C3,C - Central,Infraestructura,Condicionada,3
C3,C - Central,Infraestructura,No permitida,3
C4,C - Central,Agricola,No permitida,7
C4,C - Central,Comercio y servicios,Compatible,44
C4,C - Central,Comercio y servicios,Condicionada,12
C4,C - Central,Comercio y servicios,No permitida,38
C4,C - Central,Equipamiento,Compatible,40
C4,C - Central,Equipamiento,Condicionada,6
C4,C - Central,Equipamiento,No permitida,23
C4,C - Central,Habitacional,Compatible,6
C4,C - Central,Habitacional,Condicionada,4
C4,C - Central,Habitacional,No permitida,4
C4,C - Central,Industrial,Compatible,6
C4,C - Central,Industrial,Condicionada,2
C4,C - Central,Industrial,No permitida,25
C4,C - Central,Infraestructura,Compatible,4
C4,C - Central,Infraestructura,Condicionada,3
C4,C - Central,Infraestructura,No permitida,3
C5,C - Central,Agricola,No permitida,7
C5,C - Central,Comercio y servicios,Compatible,48
C5,C - Central,Comercio y servicios,Condicionada,17
C5,C - Central,Comercio y servicios,No permitida,29
C5,C - Central,Equipamiento,Compatible,42
C5,C - Central,Equipamiento,Condicionada,4
C5,C - Central,Equipamiento,No permitida,23
C5,C - Central,Habitacional,Compatible,10
C5,C - Central,Habitacional,No permitida,4
C5,C - Central,Industrial,Compatible,6
C5,C - Central,Industrial,Condicionada,2
C5,C - Central,Industrial,No permitida,25
C5,C - Central,Infraestructura,Compatible,4
C5,C - Central,Infraestructura,Condicionada,3
C5,C - Central,Infraestructura,No permitida,3
C6,C - Central,Agricola,No permitida,7
C6,C - Central,Comercio y servicios,Compatible,40
C6,C - Central,Comercio y servicios,Condicionada,17
C6,C - Central,Comercio y servicios,No permitida,37
C6,C - Central,Equipamiento,Compatible,23
C6,C - Central,Equipamiento,Condicionada,1
C6,C - Central,Equipamiento,No permitida,45
C6,C - Central,Habitacional,No permitida,14
C6,C - Central,Industrial,Compatible,6
C6,C - Central,Industrial,Condicionada,3
C6,C - Central,Industrial,No permitida,24
C6,C - Central,Infraestructura,Compatible,4
C6,C - Central,Infraestructura,Condicionada,3
C6,C - Central,Infraestructura,No permitida,3
C7,C - Central,Agricola,No permitida,7
C7,C - Central,Comercio y servicios,Compatible,49
C7,C - Central,Comercio y servicios,Condicionada,15
C7,C - Central,Comercio y servicios,No permitida,30
C7,C - Central,Equipamiento,Compatible,19
C7,C - Central,Equipamiento,Condicionada,2
C7,C - Central,Equipamiento,No permitida,48
C7,C - Central,Habitacional,Compatible,6
C7,C - Central,Habitacional,Condicionada,4
C7,C - Central,Habitacional,No permitida,4
C7,C - Central,Industrial,Compatible,5
C7,C - Central,Industrial,Condicionada,1
C7,C - Central,Industrial,No permitida,27
C7,C - Central,Infraestructura,Compatible,4
C7,C - Central,Infraestructura,Condicionada,3
C7,C - Central,Infraestructura,No permitida,3
C8,C - Central,Agricola,No permitida,7
C8,C - Central,Comercio y servicios,Compatible,36
C8,C - Central,Comercio y servicios,Condicionada,7
C8,C - Central,Comercio y servicios,No permitida,51
C8,C - Central,Equipamiento,Compatible,32
C8,C - Central,Equipamiento,Condicionada,1
C8,C - Central,Equipamiento,No permitida,36
C8,C - Central,Habitacional,Compatible,2
C8,C - Central,Habitacional,No permitida,12
C8,C - Central,Industrial,Compatible,6
C8,C - Central,Industrial,Condicionada,2
C8,C - Central,Industrial,No permitida,25
C8,C - Central,Infraestructura,Compatible,4
C8,C - Central,Infraestructura,Condicionada,3
C8,C - Central,Infraestructura,No permitida,3
C9,C - Central,Agricola,No permitida,7
C9,C - Central,Comercio y servicios,Compatible,45
C9,C - Central,Comercio y servicios,Condicionada,17
C9,C - Central,Comercio y servicios,No permitida,32
C9,C - Central,Equipamiento,Compatible,10
C9,C - Central,Equipamiento,Condicionada,1
C9,C - Central,Equipamiento,No permitida,58
C9,C - Central,Habitacional,Compatible,6
C9,C - Central,Habitacional,No permitida,8
C9,C - Central,Industrial,Compatible,6
C9,C - Central,Industrial,Condicionada,6
C9,C - Central,Industrial,No permitida,21
C9,C - Central,Infraestructura,Compatible,4
C9,C - Central,Infraestructura,Condicionada,3
C9,C - Central,Infraestructura,No permitida,3
D1,D - Independencia-Alamitos,Agricola,No permitida,7
D1,D - Independencia-Alamitos,Comercio y servicios,Compatible,71
D1,D - Independencia-Alamitos,Comercio y servicios,Condicionada,14
D1,D - Independencia-Alamitos,Comercio y servicios,No permitida,9
D1,D - Independencia-Alamitos,Equipamiento,Compatible,13
D1,D - Independencia-Alamitos,Equipamiento,Condicionada,5
D1,D - Independencia-Alamitos,Equipamiento,No permitida,51
D1,D - Independencia-Alamitos,Habitacional,Compatible,10
D1,D - Independencia-Alamitos,Habitacional,No permitida,4
D1,D - Independencia-Alamitos,Industrial,Compatible,7
D1,D - Independencia-Alamitos,Industrial,Condicionada,13
D1,D - Independencia-Alamitos,Industrial,No permitida,13
D1,D - Independencia-Alamitos,Infraestructura,Compatible,4
D1,D - Independencia-Alamitos,Infraestructura,Condicionada,4
D1,D - Independencia-Alamitos,Infraestructura,No permitida,2
D2,D - Independencia-Alamitos,Agricola,No permitida,7
D2,D - Independencia-Alamitos,Comercio y servicios,Compatible,55
D2,D - Independencia-Alamitos,Comercio y servicios,Condicionada,17
D2,D - Independencia-Alamitos,Comercio y servicios,No permitida,22
D2,D - Independencia-Alamitos,Equipamiento,Compatible,49
D2,D - Independencia-Alamitos,Equipamiento,Condicionada,3
D2,D - Independencia-Alamitos,Equipamiento,No permitida,17
D2,D - Independencia-Alamitos,Habitacional,Compatible,10
D2,D - Independencia-Alamitos,Habitacional,No permitida,4
D2,D - Independencia-Alamitos,Industrial,Compatible,2
D2,D - Independencia-Alamitos,Industrial,Condicionada,5
D2,D - Independencia-Alamitos,Industrial,No permitida,26
D2,D - Independencia-Alamitos,Infraestructura,Compatible,4
D2,D - Independencia-Alamitos,Infraestructura,Condicionada,3
D2,D - Independencia-Alamitos,Infraestructura,No permitida,3
D3,D - Independencia-Alamitos,Agricola,No permitida,7
D3,D - Independencia-Alamitos,Comercio y servicios,Compatible,55
D3,D - Independencia-Alamitos,Comercio y servicios,Condicionada,17
D3,D - Independencia-Alamitos,Comercio y servicios,No permitida,22
D3,D - Independencia-Alamitos,Equipamiento,Compatible,49
D3,D - Independencia-Alamitos,Equipamiento,Condicionada,3
D3,D - Independencia-Alamitos,Equipamiento,No permitida,17
D3,D - Independencia-Alamitos,Habitacional,Compatible,10
D3,D - Independencia-Alamitos,Habitacional,No permitida,4
D3,D - Independencia-Alamitos,Industrial,Compatible,2
D3,D - Independencia-Alamitos,Industrial,Condicionada,5
D3,D - Independencia-Alamitos,Industrial,No permitida,26
D3,D - Independencia-Alamitos,Infraestructura,Compatible,4
D3,D - Independencia-Alamitos,Infraestructura,Condicionada,3
D3,D - Independencia-Alamitos,Infraestructura,No permitida,3
D4,D - Independencia-Alamitos,Agricola,No permitida,7
D4,D - Independencia-Alamitos,Comercio y servicios,Compatible,61
D4,D - Independencia-Alamitos,Comercio y servicios,Condicionada,20
D4,D - Independencia-Alamitos,Comercio y servicios,No permitida,13
D4,D - Independencia-Alamitos,Equipamiento,Compatible,52
D4,D - Independencia-Alamitos,Equipamiento,Condicionada,4
D4,D - Independencia-Alamitos,Equipamiento,No permitida,13
D4,D - Independencia-Alamitos,Habitacional,Compatible,10
D4,D - Independencia-Alamitos,Habitacional,No permitida,4
D4,D - Independencia-Alamitos,Industrial,Compatible,9
D4,D - Independencia-Alamitos,Industrial,Condicionada,5
D4,D - Independencia-Alamitos,Industrial,No permitida,19
D4,D - Independencia-Alamitos,Infraestructura,Compatible,4
D4,D - Independencia-Alamitos,Infraestructura,Condicionada,3
D4,D - Independencia-Alamitos,Infraestructura,No permitida,3
E1,E - Cetys-Tecnologico,Agricola,No permitida,7
E1,E - Cetys-Tecnologico,Comercio y servicios,Compatible,66
E1,E - Cetys-Tecnologico,Comercio y servicios,Condicionada,20
E1,E - Cetys-Tecnologico,Comercio y servicios,No permitida,8
E1,E - Cetys-Tecnologico,Equipamiento,Compatible,53
E1,E - Cetys-Tecnologico,Equipamiento,Condicionada,4
E1,E - Cetys-Tecnologico,Equipamiento,No permitida,12
E1,E - Cetys-Tecnologico,Habitacional,Compatible,10
E1,E - Cetys-Tecnologico,Habitacional,No permitida,4
E1,E - Cetys-Tecnologico,Industrial,Compatible,10
E1,E - Cetys-Tecnologico,Industrial,Condicionada,6
E1,E - Cetys-Tecnologico,Industrial,No permitida,17
E1,E - Cetys-Tecnologico,Infraestructura,Compatible,4
E1,E - Cetys-Tecnologico,Infraestructura,Condicionada,3
E1,E - Cetys-Tecnologico,Infraestructura,No permitida,3
E2,E - Cetys-Tecnologico,Agricola,No permitida,7
E2,E - Cetys-Tecnologico,Comercio y servicios,Compatible,68
E2,E - Cetys-Tecnologico,Comercio y servicios,Condicionada,17
E2,E - Cetys-Tecnologico,Comercio y servicios,No permitida,9
E2,E - Cetys-Tecnologico,Equipamiento,Compatible,53
E2,E - Cetys-Tecnologico,Equipamiento,Condicionada,2
E2,E - Cetys-Tecnologico,Equipamiento,No permitida,14
E2,E - Cetys-Tecnologico,Habitacional,Compatible,9
E2,E - Cetys-Tecnologico,Habitacional,No permitida,5
E2,E - Cetys-Tecnologico,Industrial,Compatible,15
E2,E - Cetys-Tecnologico,Industrial,Condicionada,8
E2,E - Cetys-Tecnologico,Industrial,No permitida,10
E2,E - Cetys-Tecnologico,Infraestructura,Compatible,4
E2,E - Cetys-Tecnologico,Infraestructura,Condicionada,3
E2,E - Cetys-Tecnologico,Infraestructura,No permitida,3
E3,E - Cetys-Tecnologico,Agricola,No permitida,7
E3,E - Cetys-Tecnologico,Comercio y servicios,Compatible,59
E3,E - Cetys-Tecnologico,Comercio y servicios,Condicionada,15
E3,E - Cetys-Tecnologico,Comercio y servicios,No permitida,20
E3,E - Cetys-Tecnologico,Equipamiento,Compatible,53
E3,E - Cetys-Tecnologico,Equipamiento,Condicionada,2
E3,E - Cetys-Tecnologico,Equipamiento,No permitida,14
E3,E - Cetys-Tecnologico,Habitacional,Compatible,10
E3,E - Cetys-Tecnologico,Habitacional,No permitida,4
E3,E - Cetys-Tecnologico,Industrial,Compatible,4
E3,E - Cetys-Tecnologico,Industrial,Condicionada,5
E3,E - Cetys-Tecnologico,Industrial,No permitida,24
E3,E - Cetys-Tecnologico,Infraestructura,Compatible,4
E3,E - Cetys-Tecnologico,Infraestructura,Condicionada,3
E3,E - Cetys-Tecnologico,Infraestructura,No permitida,3
E4,E - Cetys-Tecnologico,Agricola,No permitida,7
E4,E - Cetys-Tecnologico,Comercio y servicios,Compatible,59
E4,E - Cetys-Tecnologico,Comercio y servicios,Condicionada,15
E4,E - Cetys-Tecnologico,Comercio y servicios,No permitida,20
E4,E - Cetys-Tecnologico,Equipamiento,Compatible,51
E4,E - Cetys-Tecnologico,Equipamiento,Condicionada,1
E4,E - Cetys-Tecnologico,Equipamiento,No permitida,17
E4,E - Cetys-Tecnologico,Habitacional,Compatible,9
E4,E - Cetys-Tecnologico,Habitacional,No permitida,5
E4,E - Cetys-Tecnologico,Industrial,Compatible,5
E4,E - Cetys-Tecnologico,Industrial,Condicionada,6
E4,E - Cetys-Tecnologico,Industrial,No permitida,22
E4,E - Cetys-Tecnologico,Infraestructura,Compatible,4
E4,E - Cetys-Tecnologico,Infraestructura,Condicionada,3
E4,E - Cetys-Tecnologico,Infraestructura,No permitida,3
E5,E - Cetys-Tecnologico,Agricola,No permitida,7
E5,E - Cetys-Tecnologico,Comercio y servicios,Compatible,59
E5,E - Cetys-Tecnologico,Comercio y servicios,Condicionada,16
E5,E - Cetys-Tecnologico,Comercio y servicios,No permitida,19
E5,E - Cetys-Tecnologico,Equipamiento,Compatible,50
E5,E - Cetys-Tecnologico,Equipamiento,Condicionada,1
E5,E - Cetys-Tecnologico,Equipamiento,No permitida,18
E5,E - Cetys-Tecnologico,Habitacional,Compatible,9
E5,E - Cetys-Tecnologico,Habitacional,No permitida,5
E5,E - Cetys-Tecnologico,Industrial,Compatible,8
E5,E - Cetys-Tecnologico,Industrial,Condicionada,6
E5,E - Cetys-Tecnologico,Industrial,No permitida,19
E5,E - Cetys-Tecnologico,Infraestructura,Compatible,4
E5,E - Cetys-Tecnologico,Infraestructura,Condicionada,3
E5,E - Cetys-Tecnologico,Infraestructura,No permitida,3
E6,E - Cetys-Tecnologico,Agricola,No permitida,7
E6,E - Cetys-Tecnologico,Comercio y servicios,Compatible,59
E6,E - Cetys-Tecnologico,Comercio y servicios,Condicionada,15
E6,E - Cetys-Tecnologico,Comercio y servicios,No permitida,20
E6,E - Cetys-Tecnologico,Equipamiento,Compatible,50
E6,E - Cetys-Tecnologico,Equipamiento,Condicionada,1
E6,E - Cetys-Tecnologico,Equipamiento,No permitida,18
E6,E - Cetys-Tecnologico,Habitacional,Compatible,9
E6,E - Cetys-Tecnologico,Habitacional,No permitida,5
E6,E - Cetys-Tecnologico,Industrial,Compatible,8
E6,E - Cetys-Tecnologico,Industrial,Condicionada,6
E6,E - Cetys-Tecnologico,Industrial,No permitida,19
E6,E - Cetys-Tecnologico,Infraestructura,Compatible,4
E6,E - Cetys-Tecnologico,Infraestructura,Condicionada,3
E6,E - Cetys-Tecnologico,Infraestructura,No permitida,3
E7,E - Cetys-Tecnologico,Agricola,No permitida,7
E7,E - Cetys-Tecnologico,Comercio y servicios,Compatible,67
E7,E - Cetys-Tecnologico,Comercio y servicios,Condicionada,17
E7,E - Cetys-Tecnologico,Comercio y servicios,No permitida,10
E7,E - Cetys-Tecnologico,Equipamiento,Compatible,53
E7,E - Cetys-Tecnologico,Equipamiento,Condicionada,2
E7,E - Cetys-Tecnologico,Equipamiento,No permitida,14
E7,E - Cetys-Tecnologico,Habitacional,Compatible,3
E7,E - Cetys-Tecnologico,Habitacional,No permitida,11
E7,E - Cetys-Tecnologico,Industrial,Compatible,15
E7,E - Cetys-Tecnologico,Industrial,Condicionada,8
E7,E - Cetys-Tecnologico,Industrial,No permitida,10
E7,E - Cetys-Tecnologico,Infraestructura,Compatible,4
E7,E - Cetys-Tecnologico,Infraestructura,Condicionada,3
E7,E - Cetys-Tecnologico,Infraestructura,No permitida,3
F1,F - Abasolo,Agricola,No permitida,7
F1,F - Abasolo,Comercio y servicios,Compatible,67
F1,F - Abasolo,Comercio y servicios,Condicionada,17
F1,F - Abasolo,Comercio y servicios,No permitida,10
F1,F - Abasolo,Equipamiento,Compatible,54
F1,F - Abasolo,Equipamiento,Condicionada,2
F1,F - Abasolo,Equipamiento,No permitida,12
F1,F - Abasolo,Equipamiento,,1
F1,F - Abasolo,Habitacional,Compatible,9
F1,F - Abasolo,Habitacional,No permitida,5
F1,F - Abasolo,Industrial,Compatible,15
F1,F - Abasolo,Industrial,Condicionada,8
F1,F - Abasolo,Industrial,No permitida,10
F1,F - Abasolo,Infraestructura,Compatible,4
F1,F - Abasolo,Infraestructura,Condicionada,3
F1,F - Abasolo,Infraestructura,No permitida,3
F2,F - Abasolo,Agricola,No permitida,7
F2,F - Abasolo,Comercio y servicios,Compatible,66
F2,F - Abasolo,Comercio y servicios,Condicionada,23
F2,F - Abasolo,Comercio y servicios,No permitida,5
F2,F - Abasolo,Equipamiento,Compatible,56
F2,F - Abasolo,Equipamiento,Condicionada,5
F2,F - Abasolo,Equipamiento,No permitida,8
F2,F - Abasolo,Habitacional,Compatible,9
F2,F - Abasolo,Habitacional,No permitida,5
F2,F - Abasolo,Industrial,Compatible,11
F2,F - Abasolo,Industrial,Condicionada,10
F2,F - Abasolo,Industrial,No permitida,12
F2,F - Abasolo,Infraestructura,Compatible,4
F2,F - Abasolo,Infraestructura,Condicionada,4
F2,F - Abasolo,Infraestructura,No permitida,2
F3,F - Abasolo,Agricola,No permitida,7
F3,F - Abasolo,Comercio y servicios,Compatible,59
F3,F - Abasolo,Comercio y servicios,Condicionada,23
F3,F - Abasolo,Comercio y servicios,No permitida,12
F3,F - Abasolo,Equipamiento,Compatible,52
F3,F - Abasolo,Equipamiento,Condicionada,3
F3,F - Abasolo,Equipamiento,No permitida,14
F3,F - Abasolo,Habitacional,Compatible,9
F3,F - Abasolo,Habitacional,No permitida,5
F3,F - Abasolo,Industrial,Compatible,3
F3,F - Abasolo,Industrial,Condicionada,15
F3,F - Abasolo,Industrial,No permitida,15
F3,F - Abasolo,Infraestructura,Compatible,4
F3,F - Abasolo,Infraestructura,Condicionada,3
F3,F - Abasolo,Infraestructura,No permitida,3
F4,F - Abasolo,Agricola,Condicionada,5
F4,F - Abasolo,Agricola,No permitida,2
F4,F - Abasolo,Comercio y servicios,Compatible,66
F4,F - Abasolo,Comercio y servicios,Condicionada,23
F4,F - Abasolo,Comercio y servicios,No permitida,5
F4,F - Abasolo,Equipamiento,Compatible,52
F4,F - Abasolo,Equipamiento,Condicionada,9
F4,F - Abasolo,Equipamiento,No permitida,8
F4,F - Abasolo,Habitacional,Compatible,9
F4,F - Abasolo,Habitacional,No permitida,5
F4,F - Abasolo,Industrial,Compatible,13
F4,F - Abasolo,Industrial,Condicionada,10
F4,F - Abasolo,Industrial,No permitida,10
F4,F - Abasolo,Infraestructura,Compatible,4
F4,F - Abasolo,Infraestructura,Condicionada,4
F4,F - Abasolo,Infraestructura,No permitida,2
F5,F - Abasolo,Agricola,No permitida,7
F5,F - Abasolo,Comercio y servicios,Compatible,59
F5,F - Abasolo,Comercio y servicios,Condicionada,23
F5,F - Abasolo,Comercio y servicios,No permitida,12
F5,F - Abasolo,Equipamiento,Compatible,52
F5,F - Abasolo,Equipamiento,Condicionada,3
F5,F - Abasolo,Equipamiento,No permitida,14
F5,F - Abasolo,Habitacional,Compatible,9
F5,F - Abasolo,Habitacional,No permitida,5
F5,F - Abasolo,Industrial,Compatible,3
F5,F - Abasolo,Industrial,Condicionada,18
F5,F - Abasolo,Industrial,No permitida,12
F5,F - Abasolo,Infraestructura,Compatible,4
F5,F - Abasolo,Infraestructura,Condicionada,3
F5,F - Abasolo,Infraestructura,No permitida,3
G1,G - Progreso,Comercio y servicios,Compatible,67
G1,G - Progreso,Comercio y servicios,Condicionada,31
G1,G - Progreso,Comercio y servicios,No permitida,1
G1,G - Progreso,Equipamiento,Compatible,39
G1,G - Progreso,Equipamiento,Condicionada,25
G1,G - Progreso,Equipamiento,No permitida,3
G1,G - Progreso,Habitacional,Compatible,7
G1,G - Progreso,Habitacional,Condicionada,5
G1,G - Progreso,Habitacional,No permitida,2
G1,G - Progreso,Industrial,Compatible,11
G1,G - Progreso,Industrial,Condicionada,14
G1,G - Progreso,Industrial,No permitida,13
G2,G - Progreso,Comercio y servicios,Compatible,55
G2,G - Progreso,Comercio y servicios,Condicionada,2
G2,G - Progreso,Comercio y servicios,No permitida,42
G2,G - Progreso,Equipamiento,Compatible,20
G2,G - Progreso,Equipamiento,Condicionada,7
G2,G - Progreso,Equipamiento,No permitida,40
G2,G - Progreso,Habitacional,Compatible,7
G2,G - Progreso,Habitacional,Condicionada,4
G2,G - Progreso,Habitacional,No permitida,3
G2,G - Progreso,Industrial,Compatible,1
G2,G - Progreso,Industrial,No permitida,37
G3,G - Progreso,Comercio y servicios,Compatible,67
G3,G - Progreso,Comercio y servicios,Condicionada,30
G3,G - Progreso,Comercio y servicios,No permitida,2
G3,G - Progreso,Equipamiento,Compatible,39
G3,G - Progreso,Equipamiento,Condicionada,25
G3,G - Progreso,Equipamiento,No permitida,3
G3,G - Progreso,Habitacional,Compatible,4
G3,G - Progreso,Habitacional,Condicionada,7
G3,G - Progreso,Habitacional,No permitida,3
G3,G - Progreso,Industrial,Compatible,10
G3,G - Progreso,Industrial,Condicionada,14
G3,G - Progreso,Industrial,No permitida,14
G4,G - Progreso,Comercio y servicios,Compatible,3
G4,G - Progreso,Comercio y servicios,Condicionada,1
G4,G - Progreso,Comercio y servicios,No permitida,95
G4,G - Progreso,Equipamiento,Compatible,1
G4,G - Progreso,Equipamiento,No permitida,66
G4,G - Progreso,Habitacional,No permitida,14
G4,G - Progreso,Industrial,Compatible,1
G4,G - Progreso,Industrial,No permitida,37
G5,G - Progreso,Comercio y servicios,Compatible,77
G5,G - Progreso,Comercio y servicios,Condicionada,19
G5,G - Progreso,Comercio y servicios,No permitida,3
G5,G - Progreso,Equipamiento,Compatible,47
G5,G - Progreso,Equipamiento,Condicionada,16
G5,G - Progreso,Equipamiento,No permitida,4
G5,G - Progreso,Habitacional,Compatible,7
G5,G - Progreso,Habitacional,Condicionada,3
G5,G - Progreso,Habitacional,No permitida,4
G5,G - Progreso,Industrial,Compatible,11
G5,G - Progreso,Industrial,Condicionada,14
G5,G - Progreso,Industrial,No permitida,13
H1,H - Portales,Comercio y servicios,Compatible,74
H1,H - Portales,Comercio y servicios,Condicionada,23
H1,H - Portales,Comercio y servicios,No permitida,2
H1,H - Portales,Equipamiento,Compatible,38
H1,H - Portales,Equipamiento,Condicionada,22
H1,H - Portales,Equipamiento,No permitida,7
H1,H - Portales,Habitacional,Compatible,7
H1,H - Portales,Habitacional,Condicionada,3
H1,H - Portales,Habitacional,No permitida,4
H1,H - Portales,Industrial,Compatible,11
H1,H - Portales,Industrial,Condicionada,12
H1,H - Portales,Industrial,No permitida,15
H2,H - Portales,Comercio y servicios,Compatible,67
H2,H - Portales,Comercio y servicios,Condicionada,19
H2,H - Portales,Comercio y servicios,No permitida,13
H2,H - Portales,Equipamiento,Compatible,46
H2,H - Portales,Equipamiento,Condicionada,7
H2,H - Portales,Equipamiento,No permitida,14
H2,H - Portales,Habitacional,Compatible,7
H2,H - Portales,Habitacional,Condicionada,3
H2,H - Portales,Habitacional,No permitida,4
H2,H - Portales,Industrial,Compatible,2
H2,H - Portales,Industrial,Condicionada,12
H2,H - Portales,Industrial,No permitida,24
H3,H - Portales,Comercio y servicios,Compatible,72
H3,H - Portales,Comercio y servicios,Condicionada,22
H3,H - Portales,Comercio y servicios,No permitida,5
H3,H - Portales,Equipamiento,Compatible,39
H3,H - Portales,Equipamiento,Condicionada,21
H3,H - Portales,Equipamiento,No permitida,7
H3,H - Portales,Habitacional,Compatible,7
H3,H - Portales,Habitacional,Condicionada,3
H3,H - Portales,Habitacional,No permitida,4
H3,H - Portales,Industrial,Compatible,10
H3,H - Portales,Industrial,Condicionada,13
H3,H - Portales,Industrial,No permitida,15
H4,H - Portales,Comercio y servicios,Compatible,67
H4,H - Portales,Comercio y servicios,Condicionada,19
H4,H - Portales,Comercio y servicios,No permitida,13
H4,H - Portales,Equipamiento,Compatible,46
H4,H - Portales,Equipamiento,Condicionada,7
H4,H - Portales,Equipamiento,No permitida,14
H4,H - Portales,Habitacional,Compatible,7
H4,H - Portales,Habitacional,Condicionada,3
H4,H - Portales,Habitacional,No permitida,4
H4,H - Portales,Industrial,Compatible,5
H4,H - Portales,Industrial,Condicionada,13
H4,H - Portales,Industrial,No permitida,20
I1,I - Anahuac-Villas del Rey,Comercio y servicios,Compatible,73
I1,I - Anahuac-Villas del Rey,Comercio y servicios,Condicionada,19
I1,I - Anahuac-Villas del Rey,Comercio y servicios,No permitida,7
I1,I - Anahuac-Villas del Rey,Equipamiento,Compatible,48
I1,I - Anahuac-Villas del Rey,Equipamiento,Condicionada,10
I1,I - Anahuac-Villas del Rey,Equipamiento,No permitida,9
I1,I - Anahuac-Villas del Rey,Habitacional,Compatible,9
I1,I - Anahuac-Villas del Rey,Habitacional,No permitida,5
I1,I - Anahuac-Villas del Rey,Industrial,Compatible,8
I1,I - Anahuac-Villas del Rey,Industrial,Condicionada,11
I1,I - Anahuac-Villas del Rey,Industrial,No permitida,19
I2,I - Anahuac-Villas del Rey,Comercio y servicios,Compatible,73
I2,I - Anahuac-Villas del Rey,Comercio y servicios,Condicionada,19
I2,I - Anahuac-Villas del Rey,Comercio y servicios,No permitida,7
I2,I - Anahuac-Villas del Rey,Equipamiento,Compatible,48
I2,I - Anahuac-Villas del Rey,Equipamiento,Condicionada,10
I2,I - Anahuac-Villas del Rey,Equipamiento,No permitida,9
I2,I - Anahuac-Villas del Rey,Habitacional,Compatible,9
I2,I - Anahuac-Villas del Rey,Habitacional,No permitida,5
I2,I - Anahuac-Villas del Rey,Industrial,Compatible,8
I2,I - Anahuac-Villas del Rey,Industrial,Condicionada,10
I2,I - Anahuac-Villas del Rey,Industrial,No permitida,20
I3,I - Anahuac-Villas del Rey,Comercio y servicios,Compatible,72
I3,I - Anahuac-Villas del Rey,Comercio y servicios,Condicionada,18
I3,I - Anahuac-Villas del Rey,Comercio y servicios,No permitida,9
I3,I - Anahuac-Villas del Rey,Equipamiento,Compatible,48
I3,I - Anahuac-Villas del Rey,Equipamiento,Condicionada,10
I3,I - Anahuac-Villas del Rey,Equipamiento,No permitida,9
I3,I - Anahuac-Villas del Rey,Habitacional,Compatible,9
I3,I - Anahuac-Villas del Rey,Habitacional,No permitida,5
I3,I - Anahuac-Villas del Rey,Industrial,Compatible,8
I3,I - Anahuac-Villas del Rey,Industrial,Condicionada,10
I3,I - Anahuac-Villas del Rey,Industrial,No permitida,20
I4,I - Anahuac-Villas del Rey,Comercio y servicios,Compatible,73
I4,I - Anahuac-Villas del Rey,Comercio y servicios,Condicionada,19
I4,I - Anahuac-Villas del Rey,Comercio y servicios,No permitida,7
I4,I - Anahuac-Villas del Rey,Equipamiento,Compatible,48
I4,I - Anahuac-Villas del Rey,Equipamiento,Condicionada,10
I4,I - Anahuac-Villas del Rey,Equipamiento,No permitida,9
I4,I - Anahuac-Villas del Rey,Habitacional,Compatible,6
I4,I - Anahuac-Villas del Rey,Habitacional,Condicionada,3
I4,I - Anahuac-Villas del Rey,Habitacional,No permitida,5
I4,I - Anahuac-Villas del Rey,Industrial,Compatible,7
I4,I - Anahuac-Villas del Rey,Industrial,Condicionada,8
I4,I - Anahuac-Villas del Rey,Industrial,No permitida,23
I5,I - Anahuac-Villas del Rey,Comercio y servicios,Compatible,73
I5,I - Anahuac-Villas del Rey,Comercio y servicios,Condicionada,19
I5,I - Anahuac-Villas del Rey,Comercio y servicios,No permitida,7
I5,I - Anahuac-Villas del Rey,Equipamiento,Compatible,43
I5,I - Anahuac-Villas del Rey,Equipamiento,Condicionada,12
I5,I - Anahuac-Villas del Rey,Equipamiento,No permitida,12
I5,I - Anahuac-Villas del Rey,Habitacional,Compatible,8
I5,I - Anahuac-Villas del Rey,Habitacional,Condicionada,3
I5,I - Anahuac-Villas del Rey,Habitacional,No permitida,3
I5,I - Anahuac-Villas del Rey,Industrial,Compatible,11
I5,I - Anahuac-Villas del Rey,Industrial,Condicionada,11
I5,I - Anahuac-Villas del Rey,Industrial,No permitida,16
I6,I - Anahuac-Villas del Rey,Comercio y servicios,Compatible,73
I6,I - Anahuac-Villas del Rey,Comercio y servicios,Condicionada,19
I6,I - Anahuac-Villas del Rey,Comercio y servicios,No permitida,7
I6,I - Anahuac-Villas del Rey,Equipamiento,Compatible,48
I6,I - Anahuac-Villas del Rey,Equipamiento,Condicionada,10
I6,I - Anahuac-Villas del Rey,Equipamiento,No permitida,9
I6,I - Anahuac-Villas del Rey,Habitacional,Compatible,6
I6,I - Anahuac-Villas del Rey,Habitacional,Condicionada,3
I6,I - Anahuac-Villas del Rey,Habitacional,No permitida,5
I6,I - Anahuac-Villas del Rey,Industrial,Compatible,8
I6,I - Anahuac-Villas del Rey,Industrial,Condicionada,10
I6,I - Anahuac-Villas del Rey,Industrial,No permitida,20
I7,I - Anahuac-Villas del Rey,Comercio y servicios,Compatible,73
I7,I - Anahuac-Villas del Rey,Comercio y servicios,Condicionada,19
I7,I - Anahuac-Villas del Rey,Comercio y servicios,No permitida,7
I7,I - Anahuac-Villas del Rey,Equipamiento,Compatible,48
I7,I - Anahuac-Villas del Rey,Equipamiento,Condicionada,10
I7,I - Anahuac-Villas del Rey,Equipamiento,No permitida,9
I7,I - Anahuac-Villas del Rey,Habitacional,Compatible,6
I7,I - Anahuac-Villas del Rey,Habitacional,Condicionada,3
I7,I - Anahuac-Villas del Rey,Habitacional,No permitida,5
I7,I - Anahuac-Villas del Rey,Industrial,Compatible,8
I7,I - Anahuac-Villas del Rey,Industrial,Condicionada,10
I7,I - Anahuac-Villas del Rey,Industrial,No permitida,20
I8,I - Anahuac-Villas del Rey,Comercio y servicios,Compatible,75
I8,I - Anahuac-Villas del Rey,Comercio y servicios,Condicionada,20
I8,I - Anahuac-Villas del Rey,Comercio y servicios,No permitida,4
I8,I - Anahuac-Villas del Rey,Equipamiento,Compatible,48
I8,I - Anahuac-Villas del Rey,Equipamiento,Condicionada,10
I8,I - Anahuac-Villas del Rey,Equipamiento,No permitida,9
I8,I - Anahuac-Villas del Rey,Habitacional,Compatible,6
I8,I - Anahuac-Villas del Rey,Habitacional,Condicionada,3
I8,I - Anahuac-Villas del Rey,Habitacional,No permitida,5
I8,I - Anahuac-Villas del Rey,Industrial,Compatible,13
I8,I - Anahuac-Villas del Rey,Industrial,Condicionada,10
I8,I - Anahuac-Villas del Rey,Industrial,No permitida,15
J1,J - Lagunas,Comercio y servicios,Compatible,17
J1,J - Lagunas,Comercio y servicios,Condicionada,4
J1,J - Lagunas,Comercio y servicios,No permitida,78
J1,J - Lagunas,Equipamiento,Compatible,30
J1,J - Lagunas,Equipamiento,Condicionada,2
J1,J - Lagunas,Equipamiento,No permitida,35
J1,J - Lagunas,Habitacional,Condicionada,11
J1,J - Lagunas,Habitacional,No permitida,3
J1,J - Lagunas,Industrial,Compatible,1
J1,J - Lagunas,Industrial,No permitida,37
J2,J - Lagunas,Comercio y servicios,Compatible,21
J2,J - Lagunas,Comercio y servicios,Condicionada,8
J2,J - Lagunas,Comercio y servicios,No permitida,70
J2,J - Lagunas,Equipamiento,Compatible,26
J2,J - Lagunas,Equipamiento,Condicionada,4
J2,J - Lagunas,Equipamiento,No permitida,37
J2,J - Lagunas,Habitacional,Condicionada,3
J2,J - Lagunas,Habitacional,No permitida,11
J2,J - Lagunas,Industrial,Compatible,1
J2,J - Lagunas,Industrial,No permitida,37
J3,J - Lagunas,Comercio y servicios,Compatible,2
J3,J - Lagunas,Comercio y servicios,Condicionada,10
J3,J - Lagunas,Comercio y servicios,No permitida,87
J3,J - Lagunas,Equipamiento,Compatible,13
J3,J - Lagunas,Equipamiento,Condicionada,4
J3,J - Lagunas,Equipamiento,No permitida,50
J3,J - Lagunas,Habitacional,No permitida,14
J3,J - Lagunas,Industrial,Compatible,1
J3,J - Lagunas,Industrial,No permitida,37
K1,K - Campestre,Comercio y servicios,Compatible,51
K1,K - Campestre,Comercio y servicios,Condicionada,14
K1,K - Campestre,Comercio y servicios,No permitida,34
K1,K - Campestre,Equipamiento,Compatible,7
K1,K - Campestre,Equipamiento,Condicionada,3
K1,K - Campestre,Equipamiento,No permitida,57
K1,K - Campestre,Habitacional,No permitida,14
K1,K - Campestre,Industrial,Compatible,12
K1,K - Campestre,Industrial,Condicionada,11
K1,K - Campestre,Industrial,No permitida,15
K2,K - Campestre,Comercio y servicios,Compatible,66
K2,K - Campestre,Comercio y servicios,Condicionada,30
K2,K - Campestre,Comercio y servicios,No permitida,3
K2,K - Campestre,Equipamiento,Compatible,46
K2,K - Campestre,Equipamiento,Condicionada,13
K2,K - Campestre,Equipamiento,No permitida,8
K2,K - Campestre,Habitacional,Compatible,8
K2,K - Campestre,Habitacional,Condicionada,3
K2,K - Campestre,Habitacional,No permitida,3
K2,K - Campestre,Industrial,Compatible,10
K2,K - Campestre,Industrial,Condicionada,10
K2,K - Campestre,Industrial,No permitida,18
K3,K - Campestre,Comercio y servicios,Compatible,53
K3,K - Campestre,Comercio y servicios,Condicionada,17
K3,K - Campestre,Comercio y servicios,No permitida,29
K3,K - Campestre,Equipamiento,Compatible,43
K3,K - Campestre,Equipamiento,Condicionada,7
K3,K - Campestre,Equipamiento,No permitida,17
K3,K - Campestre,Habitacional,Compatible,8
K3,K - Campestre,Habitacional,Condicionada,3
K3,K - Campestre,Habitacional,No permitida,3
K3,K - Campestre,Industrial,Compatible,1
K3,K - Campestre,Industrial,Condicionada,12
K3,K - Campestre,Industrial,No permitida,25
K4,K - Campestre,Comercio y servicios,Compatible,61
K4,K - Campestre,Comercio y servicios,Condicionada,31
K4,K - Campestre,Comercio y servicios,No permitida,7
K4,K - Campestre,Equipamiento,Compatible,44
K4,K - Campestre,Equipamiento,Condicionada,11
K4,K - Campestre,Equipamiento,No permitida,12
K4,K - Campestre,Habitacional,Compatible,8
K4,K - Campestre,Habitacional,Condicionada,3
K4,K - Campestre,Habitacional,No permitida,3
K4,K - Campestre,Industrial,Compatible,1
K4,K - Campestre,Industrial,Condicionada,15
K4,K - Campestre,Industrial,No permitida,22
K5,K - Campestre,Comercio y servicios,Compatible,52
K5,K - Campestre,Comercio y servicios,Condicionada,11
K5,K - Campestre,Comercio y servicios,No permitida,36
K5,K - Campestre,Equipamiento,Compatible,46
K5,K - Campestre,Equipamiento,Condicionada,7
K5,K - Campestre,Equipamiento,No permitida,14
K5,K - Campestre,Habitacional,Compatible,8
K5,K - Campestre,Habitacional,Condicionada,3
K5,K - Campestre,Habitacional,No permitida,3
K5,K - Campestre,Industrial,Compatible,2
K5,K - Campestre,Industrial,Condicionada,3
K5,K - Campestre,Industrial,No permitida,33
K6,K - Campestre,Comercio y servicios,Compatible,49
K6,K - Campestre,Comercio y servicios,Condicionada,15
K6,K - Campestre,Comercio y servicios,No permitida,35
K6,K - Campestre,Equipamiento,Compatible,43
K6,K - Campestre,Equipamiento,Condicionada,9
K6,K - Campestre,Equipamiento,No permitida,15
K6,K - Campestre,Habitacional,Compatible,9
K6,K - Campestre,Habitacional,Condicionada,3
K6,K - Campestre,Habitacional,No permitida,2
K6,K - Campestre,Industrial,Compatible,1
K6,K - Campestre,Industrial,Condicionada,8
K6,K - Campestre,Industrial,No permitida,29
K7,K - Campestre,Comercio y servicios,Compatible,51
K7,K - Campestre,Comercio y servicios,Condicionada,15
K7,K - Campestre,Comercio y servicios,No permitida,33
K7,K - Campestre,Equipamiento,Compatible,43
K7,K - Campestre,Equipamiento,Condicionada,9
K7,K - Campestre,Equipamiento,No permitida,15
K7,K - Campestre,Habitacional,Compatible,9
K7,K - Campestre,Habitacional,Condicionada,3
K7,K - Campestre,Habitacional,No permitida,2
K7,K - Campestre,Industrial,Compatible,1
K7,K - Campestre,Industrial,Condicionada,13
K7,K - Campestre,Industrial,No permitida,24
K8,K - Campestre,Comercio y servicios,Compatible,74
K8,K - Campestre,Comercio y servicios,Condicionada,23
K8,K - Campestre,Comercio y servicios,No permitida,2
K8,K - Campestre,Equipamiento,Compatible,54
K8,K - Campestre,Equipamiento,Condicionada,4
K8,K - Campestre,Equipamiento,No permitida,9
K8,K - Campestre,Habitacional,Compatible,8
K8,K - Campestre,Habitacional,Condicionada,3
K8,K - Campestre,Habitacional,No permitida,3
K8,K - Campestre,Industrial,Compatible,15
K8,K - Campestre,Industrial,Condicionada,9
K8,K - Campestre,Industrial,No permitida,14
K9,K - Campestre,Comercio y servicios,Compatible,79
K9,K - Campestre,Comercio y servicios,Condicionada,17
K9,K - Campestre,Comercio y servicios,No permitida,3
K9,K - Campestre,Equipamiento,Compatible,36
K9,K - Campestre,Equipamiento,Condicionada,21
K9,K - Campestre,Equipamiento,No permitida,10
K9,K - Campestre,Habitacional,Compatible,8
K9,K - Campestre,Habitacional,Condicionada,1
K9,K - Campestre,Habitacional,No permitida,5
K9,K - Campestre,Industrial,Compatible,16
K9,K - Campestre,Industrial,Condicionada,8
K9,K - Campestre,Industrial,No permitida,14
L1,L - Palaco,Comercio y servicios,Compatible,74
L1,L - Palaco,Comercio y servicios,Condicionada,22
L1,L - Palaco,Comercio y servicios,No permitida,3
L1,L - Palaco,Equipamiento,Compatible,55
L1,L - Palaco,Equipamiento,Condicionada,5
L1,L - Palaco,Equipamiento,No permitida,7
L1,L - Palaco,Habitacional,Compatible,11
L1,L - Palaco,Habitacional,No permitida,3
L1,L - Palaco,Industrial,Compatible,13
L1,L - Palaco,Industrial,Condicionada,11
L1,L - Palaco,Industrial,No permitida,14
L2,L - Palaco,Comercio y servicios,Compatible,72
L2,L - Palaco,Comercio y servicios,Condicionada,24
L2,L - Palaco,Comercio y servicios,No permitida,3
L2,L - Palaco,Equipamiento,Compatible,55
L2,L - Palaco,Equipamiento,Condicionada,5
L2,L - Palaco,Equipamiento,No permitida,7
L2,L - Palaco,Habitacional,Compatible,11
L2,L - Palaco,Habitacional,No permitida,3
L2,L - Palaco,Industrial,Compatible,13
L2,L - Palaco,Industrial,Condicionada,11
L2,L - Palaco,Industrial,No permitida,14
L3,L - Palaco,Comercio y servicios,Compatible,60
L3,L - Palaco,Comercio y servicios,Condicionada,24
L3,L - Palaco,Comercio y servicios,No permitida,15
L3,L - Palaco,Equipamiento,Compatible,30
L3,L - Palaco,Equipamiento,Condicionada,1
L3,L - Palaco,Equipamiento,No permitida,36
L3,L - Palaco,Habitacional,Compatible,8
L3,L - Palaco,Habitacional,No permitida,6
L3,L - Palaco,Industrial,Compatible,12
L3,L - Palaco,Industrial,Condicionada,12
L3,L - Palaco,Industrial,No permitida,14
L4,L - Palaco,Comercio y servicios,Compatible,72
L4,L - Palaco,Comercio y servicios,Condicionada,23
L4,L - Palaco,Comercio y servicios,No permitida,4
L4,L - Palaco,Equipamiento,Compatible,16
L4,L - Palaco,Equipamiento,Condicionada,13
L4,L - Palaco,Equipamiento,No permitida,38
L4,L - Palaco,Habitacional,Compatible,8
L4,L - Palaco,Habitacional,No permitida,6
L4,L - Palaco,Industrial,Compatible,13
L4,L - Palaco,Industrial,Condicionada,12
L4,L - Palaco,Industrial,No permitida,13
M1,M - Nuevo Mexicali,Comercio y servicios,Compatible,70
M1,M - Nuevo Mexicali,Comercio y servicios,Condicionada,21
M1,M - Nuevo Mexicali,Comercio y servicios,No permitida,8
M1,M - Nuevo Mexicali,Equipamiento,Compatible,24
M1,M - Nuevo Mexicali,Equipamiento,Condicionada,13
M1,M - Nuevo Mexicali,Equipamiento,No permitida,30
M1,M - Nuevo Mexicali,Habitacional,Compatible,11
M1,M - Nuevo Mexicali,Habitacional,No permitida,3
M1,M - Nuevo Mexicali,Industrial,Compatible,13
M1,M - Nuevo Mexicali,Industrial,Condicionada,11
M1,M - Nuevo Mexicali,Industrial,No permitida,14
M2,M - Nuevo Mexicali,Comercio y servicios,Compatible,72
M2,M - Nuevo Mexicali,Comercio y servicios,Condicionada,24
M2,M - Nuevo Mexicali,Comercio y servicios,No permitida,3
M2,M - Nuevo Mexicali,Equipamiento,Compatible,47
M2,M - Nuevo Mexicali,Equipamiento,Condicionada,11
M2,M - Nuevo Mexicali,Equipamiento,No permitida,9
M2,M - Nuevo Mexicali,Habitacional,Compatible,11
M2,M - Nuevo Mexicali,Habitacional,No permitida,3
M2,M - Nuevo Mexicali,Industrial,Compatible,13
M2,M - Nuevo Mexicali,Industrial,Condicionada,11
M2,M - Nuevo Mexicali,Industrial,No permitida,14
M3,M - Nuevo Mexicali,Comercio y servicios,Compatible,72
M3,M - Nuevo Mexicali,Comercio y servicios,Condicionada,24
M3,M - Nuevo Mexicali,Comercio y servicios,No permitida,3
M3,M - Nuevo Mexicali,Equipamiento,Compatible,47
M3,M - Nuevo Mexicali,Equipamiento,Condicionada,11
M3,M - Nuevo Mexicali,Equipamiento,No permitida,9
M3,M - Nuevo Mexicali,Habitacional,Compatible,11
M3,M - Nuevo Mexicali,Habitacional,No permitida,3
M3,M - Nuevo Mexicali,Industrial,Compatible,13
M3,M - Nuevo Mexicali,Industrial,Condicionada,11
M3,M - Nuevo Mexicali,Industrial,No permitida,14
M4,M - Nuevo Mexicali,Comercio y servicios,Compatible,72
M4,M - Nuevo Mexicali,Comercio y servicios,Condicionada,23
M4,M - Nuevo Mexicali,Comercio y servicios,No permitida,4
M4,M - Nuevo Mexicali,Equipamiento,Compatible,46
M4,M - Nuevo Mexicali,Equipamiento,Condicionada,12
M4,M - Nuevo Mexicali,Equipamiento,No permitida,9
M4,M - Nuevo Mexicali,Habitacional,Compatible,11
M4,M - Nuevo Mexicali,Habitacional,No permitida,3
M4,M - Nuevo Mexicali,Industrial,Compatible,13
M4,M - Nuevo Mexicali,Industrial,Condicionada,10
M4,M - Nuevo Mexicali,Industrial,No permitida,15
M5,M - Nuevo Mexicali,Comercio y servicios,Compatible,72
M5,M - Nuevo Mexicali,Comercio y servicios,Condicionada,21
M5,M - Nuevo Mexicali,Comercio y servicios,No permitida,6
M5,M - Nuevo Mexicali,Equipamiento,Compatible,46
M5,M - Nuevo Mexicali,Equipamiento,Condicionada,12
M5,M - Nuevo Mexicali,Equipamiento,No permitida,9
M5,M - Nuevo Mexicali,Habitacional,Compatible,11
M5,M - Nuevo Mexicali,Habitacional,No permitida,3
M5,M - Nuevo Mexicali,Industrial,Compatible,12
M5,M - Nuevo Mexicali,Industrial,Condicionada,6
M5,M - Nuevo Mexicali,Industrial,No permitida,20
N1,N - Pueblas,Comercio y servicios,Compatible,73
N1,N - Pueblas,Comercio y servicios,Condicionada,24
N1,N - Pueblas,Comercio y servicios,No permitida,2
N1,N - Pueblas,Equipamiento,Compatible,46
N1,N - Pueblas,Equipamiento,Condicionada,12
N1,N - Pueblas,Equipamiento,No permitida,9
N1,N - Pueblas,Habitacional,Compatible,8
N1,N - Pueblas,Habitacional,Condicionada,3
N1,N - Pueblas,Habitacional,No permitida,3
N1,N - Pueblas,Industrial,Compatible,12
N1,N - Pueblas,Industrial,Condicionada,12
N1,N - Pueblas,Industrial,No permitida,14
N2,N - Pueblas,Comercio y servicios,Compatible,65
N2,N - Pueblas,Comercio y servicios,Condicionada,20
N2,N - Pueblas,Comercio y servicios,No permitida,14
N2,N - Pueblas,Equipamiento,Compatible,46
N2,N - Pueblas,Equipamiento,Condicionada,6
N2,N - Pueblas,Equipamiento,No permitida,15
N2,N - Pueblas,Habitacional,Compatible,8
N2,N - Pueblas,Habitacional,No permitida,6
N2,N - Pueblas,Industrial,Compatible,10
N2,N - Pueblas,Industrial,Condicionada,8
N2,N - Pueblas,Industrial,No permitida,20
N3,N - Pueblas,Comercio y servicios,Compatible,72
N3,N - Pueblas,Comercio y servicios,Condicionada,24
N3,N - Pueblas,Comercio y servicios,No permitida,3
N3,N - Pueblas,Equipamiento,Compatible,47
N3,N - Pueblas,Equipamiento,Condicionada,11
N3,N - Pueblas,Equipamiento,No permitida,9
N3,N - Pueblas,Habitacional,Compatible,8
N3,N - Pueblas,Habitacional,No permitida,6
N3,N - Pueblas,Industrial,Compatible,12
N3,N - Pueblas,Industrial,Condicionada,13
N3,N - Pueblas,Industrial,No permitida,13
O1,O - Condesa,Comercio y servicios,Compatible,70
O1,O - Condesa,Comercio y servicios,Condicionada,26
O1,O - Condesa,Comercio y servicios,No permitida,3
O1,O - Condesa,Equipamiento,Compatible,47
O1,O - Condesa,Equipamiento,Condicionada,12
O1,O - Condesa,Equipamiento,No permitida,8
O1,O - Condesa,Habitacional,Compatible,9
O1,O - Condesa,Habitacional,Condicionada,4
O1,O - Condesa,Habitacional,No permitida,1
O1,O - Condesa,Industrial,Compatible,10
O1,O - Condesa,Industrial,Condicionada,13
O1,O - Condesa,Industrial,No permitida,15
O2,O - Condesa,Comercio y servicios,Compatible,60
O2,O - Condesa,Comercio y servicios,Condicionada,28
O2,O - Condesa,Comercio y servicios,No permitida,11
O2,O - Condesa,Equipamiento,Compatible,46
O2,O - Condesa,Equipamiento,Condicionada,12
O2,O - Condesa,Equipamiento,No permitida,9
O2,O - Condesa,Habitacional,Compatible,8
O2,O - Condesa,Habitacional,Condicionada,3
O2,O - Condesa,Habitacional,No permitida,3
O2,O - Condesa,Industrial,Compatible,8
O2,O - Condesa,Industrial,Condicionada,13
O2,O - Condesa,Industrial,No permitida,17
O3,O - Condesa,Comercio y servicios,Compatible,70
O3,O - Condesa,Comercio y servicios,Condicionada,27
O3,O - Condesa,Comercio y servicios,No permitida,2
O3,O - Condesa,Equipamiento,Compatible,47
O3,O - Condesa,Equipamiento,Condicionada,12
O3,O - Condesa,Equipamiento,No permitida,8
O3,O - Condesa,Habitacional,Compatible,8
O3,O - Condesa,Habitacional,Condicionada,3
O3,O - Condesa,Habitacional,No permitida,3
O3,O - Condesa,Industrial,Compatible,10
O3,O - Condesa,Industrial,Condicionada,14
O3,O - Condesa,Industrial,No permitida,14
O4,O - Condesa,Comercio y servicios,Compatible,70
O4,O - Condesa,Comercio y servicios,Condicionada,27
O4,O - Condesa,Comercio y servicios,No permitida,2
O4,O - Condesa,Equipamiento,Compatible,47
O4,O - Condesa,Equipamiento,Condicionada,12
O4,O - Condesa,Equipamiento,No permitida,8
O4,O - Condesa,Habitacional,Compatible,9
O4,O - Condesa,Habitacional,Condicionada,4
O4,O - Condesa,Habitacional,No permitida,1
O4,O - Condesa,Industrial,Compatible,10
O4,O - Condesa,Industrial,Condicionada,14
O4,O - Condesa,Industrial,No permitida,14
P1,P - Reservas Integrales de Ocupacion Condicionada,Comercio y servicios,Compatible,71
P1,P - Reservas Integrales de Ocupacion Condicionada,Comercio y servicios,Condicionada,21
P1,P - Reservas Integrales de Ocupacion Condicionada,Comercio y servicios,No permitida,7
P1,P - Reservas Integrales de Ocupacion Condicionada,Equipamiento,Compatible,51
P1,P - Reservas Integrales de Ocupacion Condicionada,Equipamiento,Condicionada,6
P1,P - Reservas Integrales de Ocupacion Condicionada,Equipamiento,No permitida,10
P1,P - Reservas Integrales de Ocupacion Condicionada,Habitacional,Compatible,8
P1,P - Reservas Integrales de Ocupacion Condicionada,Habitacional,Condicionada,5
P1,P - Reservas Integrales de Ocupacion Condicionada,Habitacional,No permitida,1
P1,P - Reservas Integrales de Ocupacion Condicionada,Industrial,Compatible,13
P1,P - Reservas Integrales de Ocupacion Condicionada,Industrial,Condicionada,11
P1,P - Reservas Integrales de Ocupacion Condicionada,Industrial,No permitida,14
P2,P - Reservas Integrales de Ocupacion Condicionada,Comercio y servicios,Compatible,66
P2,P - Reservas Integrales de Ocupacion Condicionada,Comercio y servicios,Condicionada,29
P2,P - Reservas Integrales de Ocupacion Condicionada,Comercio y servicios,No permitida,4
P2,P - Reservas Integrales de Ocupacion Condicionada,Equipamiento,Compatible,45
P2,P - Reservas Integrales de Ocupacion Condicionada,Equipamiento,Condicionada,18
P2,P - Reservas Integrales de Ocupacion Condicionada,Equipamiento,No permitida,4
P2,P - Reservas Integrales de Ocupacion Condicionada,Habitacional,Compatible,8
P2,P - Reservas Integrales de Ocupacion Condicionada,Habitacional,Condicionada,5
P2,P - Reservas Integrales de Ocupacion Condicionada,Habitacional,No permitida,1
P2,P - Reservas Integrales de Ocupacion Condicionada,Industrial,Compatible,13
P2,P - Reservas Integrales de Ocupacion Condicionada,Industrial,Condicionada,14
P2,P - Reservas Integrales de Ocupacion Condicionada,Industrial,No permitida,11
P3,P - Reservas Integrales de Ocupacion Condicionada,Comercio y servicios,Compatible,73
P3,P - Reservas Integrales de Ocupacion Condicionada,Comercio y servicios,Condicionada,22
P3,P - Reservas Integrales de Ocupacion Condicionada,Comercio y servicios,No permitida,4
P3,P - Reservas Integrales de Ocupacion Condicionada,Equipamiento,Compatible,39
P3,P - Reservas Integrales de Ocupacion Condicionada,Equipamiento,Condicionada,21
P3,P - Reservas Integrales de Ocupacion Condicionada,Equipamiento,No permitida,7
P3,P - Reservas Integrales de Ocupacion Condicionada,Habitacional,Compatible,8
P3,P - Reservas Integrales de Ocupacion Condicionada,Habitacional,Condicionada,5
P3,P - Reservas Integrales de Ocupacion Condicionada,Habitacional,No permitida,1
P3,P - Reservas Integrales de Ocupacion Condicionada,Industrial,Compatible,13
P3,P - Reservas Integrales de Ocupacion Condicionada,Industrial,Condicionada,12
P3,P - Reservas Integrales de Ocupacion Condicionada,Industrial,No permitida,13
