anio,zona,sector,subsector,homoclave_col_fracc,seccion,descripcion_col_fracc,valor_m2,codigo_zona_homogenea,zona_homogenea
2024,Z1,1,1096,,,UNIVERSIDAD IBEROAMERICANA,1328.00,1096,1096
2024,Z1,1,1097,,,GASOLINERA Y CAÑÓN DEL MATADERO,831.00,1097,1097
2024,Z1,1,1098,,,INCOBUSA (LADERAS DE TIJUANA),555.00,1098,1098
2024,Z1,1,1099,,,LA JOYA (PREDIOS DEL MONUMENTO),424.00,1099,1099
2024,Z1,1,1100,,,SUBURBANO PLAYAS,424.00,1100,1100
2024,Z1,1,1101,,,JIBARITO II,2214.00,1101,1101
2024,Z1,1,1102,,,COLEGIO DE LA FRONTERA NORTE,1439.00,1102,1102
2024,Z1,1,1103,,,RESIDENCIAL HACIENDA DEL MAR,3432.00,1103,1103
2024,Z1,1,1104,,,VISTA AZUL,2723.00,1104,1104
2024,Z1,1,1105,,,OASIS,2499.00,1105,1105
2024,Z1,1,1106,,,REAL DEL MAR NO DESARROLLADO V,424.00,1106,1106
2024,Z1,1,1107,,,REAL DEL MAR NO DESARROLLADO IV,424.00,1107,1107
2024,Z1,1,1108,,,REAL DEL MAR NO DESARROLLADO III,4232.00,1108,1108
2024,Z1,1,1109,,,REAL DEL MAR NO DESARROLLADO VI,424.00,1109,1109
2024,Z1,1,1110,,,REAL DEL MAR NO DESARROLLADO II,424.00,1110,1110
2024,Z1,1,1111,,,REAL DEL MAR NO DESARROLLADO I,424.00,1111,1111
2024,Z1,1,1112,,,CAMPO DE GOLF REAL DEL MAR,723.00,1112,1112
2024,Z1,1,1113,,,REAL DEL MAR VII (DESARROLLADO),2633.00,1113,1113
2024,Z1,1,1114,,,REAL DEL MAR CLUB DE PLAYA (DESARROLLADO),4427.00,1114,1114
2024,Z1,1,1115,,,LA ISLA,3033.00,1115,1115
2024,Z1,1,1116,,,ENCANTO DEL MAR,2547.00,1116,1116
2024,Z1,1,1118,,,BRISAS DEL MAR,3637.00,1118,1118
2024,Z1,1,1119,,,RESIDENCIAL SAN MARINO,3652.00,1119,1119
2024,Z1,1,1120,,,CORONA DEL MAR,701.00,1120,1120
2024,Z1,1,1121,,,CORONA ENCANTADA,775.00,1121,1121
2024,Z1,1,1122,,,PUESTA DEL SOL,3062.00,1122,1122
2024,Z1,1,1123,,,LADERAS DEL MAR II,3062.00,1123,1123
2024,Z1,1,1124,,,URBIQUINTA DEL CEDRO,2295.00,1124,1124
2024,Z1,1,1125,,,SAN MARINO,3388.00,1125,1125
2024,Z1,1,1127,,,2A. SECC. URBIQUINTAS DEL CEDRO,2295.00,1127,1127
2024,Z1,1,1128,,,HACIENDA DEL MAR,3637.00,1128,1128
2024,Z1,1,1129,,,HACIENDA LOS ALCATRACES,3637.00,1129,1129
2024,Z1,1,1130,,,THE PARK AT MALIBU,3101.00,1130,1130
2024,Z1,1,1131,,,LA JOLLA SECCIÓN PERLA DEL PACÍFICO,2251.00,1131,1131
2024,Z1,1,1132,,,MAR DE BUENA VISTA,1035.00,1132,1132
2024,Z1,1,1133,,,LOMAS SANTA FE/VIÑAS DEL MAR,1886.00,1133,1133
2024,Z1,1,1134,,,TERRAZAS DEL SOL,937.00,1134,1134
2024,Z1,1,1135,,,ANTORCHA CAMPESINA,827.00,1135,1135
2024,Z1,1,1136,,,SUEÑOS DEL MAR,3090.00,1136,1136
2024,Z1,1,1137,,,REAL DE PLAYAS,1254.00,1137,1137
2024,Z2,2,2001,,,AGUAJE DE LA TUNA 1RA. SECCIÓN,1993.00,2001,2001
2024,Z2,2,2002,,,PANTEÓN JARDINES ETERNOS,600.00,2002,2002
2024,Z2,2,2003,,,AGUAJE DE LA TUNA 2DA. SECCIÓN,2324.00,2003,2003
2024,Z2,2,2004,,,ANEXA HERRERA,1786.00,2004,2004
2024,Z2,2,2005,,,ANEXA ROMA,1786.00,2005,2005
2024,Z2,2,2006,,,ANEXA NIÑOS HÉROES,1230.00,2006,2006
2024,Z2,2,2007,,,CAÑÓN RUBÍ,1218.00,2007,2007
2024,Z2,2,2008,,,CHIHUAHUA,1198.00,2008,2008
2024,Z2,2,2009,,,CIUDAD JARDÍN,1815.00,2009,2009
2024,Z2,2,2010,,,DE LOS MAESTROS,1575.00,2010,2010
2024,Z2,2,2011,,,EL TECOLOTE,1106.00,2011,2011
2024,Z2,2,2012,,,LAGUNITAS,1198.00,2012,2012
2024,Z2,2,2013,,,FLORES MAGÓN,1306.00,2013,2013
2024,Z2,2,2014,,,FRANCISCO VILLA,2503.00,2014,2014
2024,Z2,2,2015,,,GUTIÉRREZ OVALLE,1198.00,2015,2015
2024,Z2,2,2016,,,INTERNACIONAL,1860.00,2016,2016
2024,Z2,2,2017,,,JARDINES DEL RUBÍ,2413.00,2017,2017
2024,Z2,2,2018,,,LAS PLAZAS,3321.00,2018,2018
2024,Z2,2,2019,,,LA SIERRA,2823.00,2019,2019
2024,Z2,2,2020,,,RANCHO LA CIMA,1347.00,2020,2020
2024,Z2,2,2021,,,LOMAS DEL PACÍFICO,1993.00,2021,2021
2024,Z2,2,2022,,,MANUEL PAREDES II,1488.00,2022,2022
2024,Z2,2,2023,,,MONTE SAN ANTONIO,1727.00,2023,2023
2024,Z2,2,2024,,,MONTES OLÍMPICOS,1383.00,2024,2024
2024,Z2,2,2025,,,NIÑOS HÉROES,1383.00,2025,2025
2024,Z2,2,2026,,,OAXACA (ANGEL FERNÁNDEZ),1383.00,2026,2026
2024,Z2,2,2027,,,PANAMERICANO,1927.00,2027,2027
2024,Z2,2,2028,,,INDUSTRIAL PACÍFICO I,1749.00,2028,2028
2024,Z2,2,2029,,,INDUSTRIAL PACÍFICO II,1749.00,2029,2029
2024,Z2,2,2030,,,PARQUE INDUSTRIAL MORELOS,1661.00,2030,2030
2024,Z2,2,2031,,,PATRIMONIAL FAMILIAR,1574.00,2031,2031
2024,Z2,2,2032,,,COLINAS DE BAJA CALIFORNIA,2733.00,2032,2032
2024,Z2,2,2033,,,JARDINES DE LAS CRUCES,1328.00,2033,2033
2024,Z2,2,2034,,,CAÑÓN DE LAS CARRETAS,1175.00,2034,2034
2024,Z2,2,2035,,,NUEVA AURORA SUR,1570.00,2035,2035
2024,Z2,2,2036,,,ROBERTO CURIEL,974.00,2036,2036
2024,Z2,2,2037,,,CAÑÓN DE SAN ANTONIO,644.00,2037,2037
2024,Z2,2,2038,,,EL PROGRESO,1749.00,2038,2038
2024,Z2,2,2039,,,PEDREGAL DE SANTA JULIA,1263.00,2039,2039
2024,Z2,2,2040,,,REACOMODO OBRAS PÚBLICAS,1064.00,2040,2040
2024,Z2,2,2041,,,AMPLIACIÓN SALVATIERRA,1195.00,2041,2041
2024,Z2,2,2042,,,SALVATIERRA,1306.00,2042,2042
2024,Z2,2,2043,,,XOCHIMILCO SOLIDARIDAD SECC. HUERTAS,1152.00,2043,2043
2024,Z2,2,2044,,,XICOTÉNCATL LEYVA,1146.00,2044,2044
2024,Z2,2,2045,,,TEJAMEN,1806.00,2045,2045
2024,Z2,2,2046,,,ALFONSO BALLESTEROS,1509.00,2046,2046
2024,Z2,2,2047,,,RESIDENCIAL DE LA ESMERALDA,2214.00,2047,2047
2024,Z2,2,2048,,,MONARCA,1728.00,2048,2048
2024,Z2,2,2049,,,EL CORTEZ,1613.00,2049,2049
2024,Z2,2,2050,,,LLAMAS AMAYA,1551.00,2050,2050
2024,Z2,2,2051,,,MANUEL PAREDES I,1383.00,2051,2051
2024,Z2,2,2052,,,XOCHIMILCO SOLIDARIDAD,1175.00,2052,2052
2024,Z2,2,2053,,,ANEXA PANAMERICANO,1240.00,2053,2053
2024,Z2,2,2054,,,LEANDRO VALLE,1484.00,2054,2054
2024,Z2,2,2056,,,LA CUESTA (PROYECTA) ANEXA INTERNACIONAL,909.00,2056,2056
2024,Z2,2,2057,,,LUIS ECHEVERRÍA,1860.00,2057,2057
2024,Z2,2,2058,,,FAUSTO GONZÁLEZ,1396.00,2058,2058
2024,Z2,2,2059,,,CUMBRES DEL RUBÍ,1609.00,2059,2059
2024,Z2,2,2060,,,VILLEGAS,1574.00,2060,2060
2024,Z2,2,2061,,,OBRERA 1A. SECCIÓN,2104.00,2061,2061
2024,Z2,2,2062,,,OBRERA 2A. SECCIÓN,1993.00,2062,2062
2024,Z2,2,2063,,,AMPLIACIÓN TEJAMEN,1605.00,2063,2063
2024,Z2,2,2064,,,PATRIMONIAL BENITO JUÁREZ,1587.00,2064,2064
2024,Z2,2,2065,,,VIVIENDA POPULAR (INSTITUTO NAL. DE LA VIVIENDA),2052.00,2065,2065
2024,Z2,2,2066,,,NUEVA AURORA,1551.00,2066,2066
2024,Z2,2,2067,,,ARTESANAL,1306.00,2067,2067
2024,Z2,2,2068,,,1ER. AYUNTAMIENTO,1551.00,2068,2068
2024,Z2,2,2069,,,FRANCISCO ZARCO,1208.00,2069,2069
2024,Z2,2,2070,,,LIBERAL LOMAS DEL RUBÍ,1430.00,2070,2070
2024,Z2,2,2071,,,EJIDO LÁZARO CÁRDENAS,1035.00,2071,2071
2024,Z2,2,2072,,,EL RUBÍ SECCIÓN SUR,2413.00,2072,2072
2024,Z2,2,2073,,,EL RUBÍ NORTE,2547.00,2073,2073
2024,Z2,2,2074,,,ANEXA PRO-HOGAR,1883.00,2074,2074
2024,Z2,2,2075,,,VALLES DEL RUBÍ SECC. TERRAZAS,2324.00,2075,2075
2024,Z2,2,2076,,,5 Y 8 HECTÁREAS,1853.00,2076,2076
2024,Z2,2,2077,,,QUIRINO CORBALA SIMÓN BOLIVAR,1509.00,2077,2077
2024,Z2,2,2078,,,BALLESTEROS IGNACIO RAMÍREZ,1509.00,2078,2078
2024,Z2,2,2079,,,LA JOLLA,1153.00,2079,2079
2024,Z2,2,2080,,,CAMPESTRE LA GLORIA,1177.00,2080,2080
2024,Z2,2,2081,,,PARQUE INDUSTRIAL NÓRDIKA,1661.00,2081,2081
2024,Z2,2,2082,,,ALFA PANAMERICANO,1948.00,2082,2082
2024,Z2,2,2083,,,GENARO VÁZQUEZ,1032.00,2083,2083
2024,Z2,2,2084,,,VALLE DEL SUR,1661.00,2084,2084
2024,Z2,2,2085,,,COLINAS DE SAN ANTONIO,1046.00,2085,2085
2024,Z2,2,2086,,,LAS DOS PALMAS,665.00,2086,2086
2024,Z2,2,2087,,,EL JIBARITO,2300.00,2087,2087
2024,Z2,2,2088,,,CUESTA BLANCA,1175.00,2088,2088
2024,Z2,2,2089,,,JARDINES DE LA GLORIA,1551.00,2089,2089
2024,Z2,2,2090,,,ANEXA SIMÓN BOLIVAR,1509.00,2090,2090
2024,Z2,2,2091,,,VALLE DEL RUBÍ SECC. LOMAS,2413.00,2091,2091
2024,Z2,2,2092,,,LA CONDESA,2449.00,2092,2092
2024,Z2,2,2093,,,PÓRTICOS DE SAN ANTONIO,2122.00,2093,2093
2024,Z2,2,2094,,,LA CUESTECITA,444.00,2094,2094
2024,Z2,2,2095,,,LA GLORIA,1661.00,2095,2095
2024,Z2,2,2096,,,ALFREDO AMES,1140.00,2096,2096
2024,Z2,2,2097,,,REAL DE SAN ANTONIO,1506.00,2097,2097
2024,Z2,2,2098,,,LEY DEL SERVICIO CIVIL,1204.00,2098,2098
2024,Z2,2,2099,,,NUEVO MILENIO,1101.00,2099,2099
2024,Z2,2,2100,,,CUARTEL 5TO. BATALLÓN,1085.00,2100,2100
2024,Z2,2,2101,,,LOMA BONITA,1218.00,2101,2101
2024,Z2,2,2102,,,LOMA BONITA NORTE,2424.00,2102,2102
2024,Z2,2,2103,,,LOMAS DEL RÍO,2415.00,2103,2103
2024,Z2,2,2105,,,TERRAZAS DE SAN ÁNGEL,1046.00,2105,2105
2024,Z2,2,2106,,,TERRAZAS DEL PACÍFICO,2149.00,2106,2106
2024,Z2,2,2107,,,XICONTÉNCATL LEYVA II,974.00,2107,2107
2024,Z2,2,2108,,,ENTRE LA JOLLA Y EL TECOLOTE,1240.00,2108,2108
2024,Z2,2,2109,,,COSTA DORADA,1285.00,2109,2109
2024,Z2,2,2110,,,COLINAS DEL SOL,1176.00,2110,2110
2024,Z2,2,2111,,,CUMBRES DEL SOL,1175.00,2111,2111
2024,Z2,2,2113,,,RANCHO EL TECOLOTE,600.00,2113,2113
2024,Z2,2,2114,,,PREDIOS RÚSTICOS,421.00,2114,2114
2024,Z2,2,2115,,,RESIDENCIAL LAS CASCADAS,1176.00,2115,2115
2024,Z2,2,2116,,,PARQUE INDUSTRIAL LA GRAVERA,1661.00,2116,2116
2024,Z2,2,2117,,,PRIMER TECOLOTE,1244.00,2117,2117
2024,Z2,2,2118,,,INDUSTRIAL PACÍFICO III,1573.00,2118,2118
2024,Z2,2,2119,,,EL ROSARIO,621.00,2119,2119
2024,Z2,2,2120,,,ENTRE LAGUNITAS Y EL TECOLOTE,1106.00,2120,2120
2024,Z2,2,2121,,,"SANTA FÉ II, III Y SECC.",2655.00,2121,2121
2024,Z2,2,2122,,,LOMAS DEL PACÍFICO SUBURBANO,1253.00,2122,2122
2024,Z2,2,2123,,,REAL DE LA GLORIA,1254.00,2123,2123
2024,Z2,2,2124,,,SUBURBANO SAN ANTONIO,528.00,2124,2124
2024,Z2,2,2125,,,VISTA BELLA,2255.00,2125,2125
2024,Z2,2,2126,,,LOS ALCATRACES,1140.00,2126,2126
2024,Z2,2,2127,,,JARDINES DE LA MISIÓN,2814.00,2127,2127
2024,Z2,2,2128,,,SECCIÓN COLINAS,2910.00,2128,2128
2024,Z2,2,2129,,,LAS CASCADAS,1176.00,2129,2129
2024,Z2,2,2130,,,VILLA RESIDENCIAL SANTA FÉ,2498.00,2130,2130
2024,Z2,2,2131,,,LAS VILLAS DE TIJUANA,2255.00,2131,2131
2024,Z2,2,2132,,,HACIENDA DEL PACÍFICO,2498.00,2132,2132
2024,Z2,2,2134,,,SAN AGUSTÍN,3450.00,2134,2134
2024,Z2,2,2135,,,EL ROSARIO I Y II SECCIÓN,2498.00,2135,2135
2024,Z2,2,2136,,,URBIQUINTA VERSALLES,2811.00,2136,2136
2024,Z2,2,2137,,,SAN MATEO,2059.00,2137,2137
2024,Z2,2,2139,,,VALLE DEL SUR II (HABITACIONAL),2933.00,2139,2139
2024,Z2,2,2140,,,EL PALMAR Y VILLA BONITA,2569.00,2140,2140
2024,Z2,2,2141,,,ANEXA INTERNACIONAL,1772.00,2141,2141
2024,Z2,2,2142,,,RESIDENCIAL LAS FLORES,2255.00,2142,2142
2024,Z2,2,2143,,,FRACCIONAMIENTO LA ESPERANZA,3211.00,2143,2143
2024,Z2,2,2144,,,PRIVADAS DEL ROSARIO,2498.00,2144,2144
2024,Z2,2,2145,,,FRACC. VICTORIA RESIDENCIAL,2255.00,2145,2145
2024,Z2,2,2146,,,LOMA BLANCA (FINCAMEX),2796.00,2146,2146
2024,Z2,2,2147,,,PARQUE INDUSTRIAL PACÍFICO 4A SECCIÓN,1618.00,2147,2147
2024,Z2,2,2148,,,FRACC. LA ESTRELLA,2255.00,2148,2148
2024,Z2,2,2149,,,MERIDIANO RESIDENCIAL,2386.00,2149,2149
2024,Z2,2,2150,,,BARCELONA RESIDENCIAL,2916.00,2150,2150
2024,Z2,2,2151,,,XVIII AYUNTAMIENTO,1653.00,2151,2151
2024,Z2,2,2152,,,VERONA RESIDENCIAL,3094.00,2152,2152
2024,Z2,2,2153,,,VILLA DOS,2255.00,2153,2153
2024,Z2,2,2154,,,PRADERAS DE LA GLORIA,2005.00,2154,2154
2024,Z2,2,2155,,,SAN PEDRO RESIDENCIAL,1993.00,2155,2155
2024,Z2,2,2156,,,REAL DE LOMA BONITA,2651.00,2156,2156
2024,Z2,2,2157,,,BONANZA RESIDENCIAL,1625.00,2157,2157
2024,Z2,2,2158,,,VALPARAISO RESIDENCIAL,2622.00,2158,2158
2024,Z2,2,2159,,,SIENA RESIDENCIAL,2114.00,2159,2159
2024,Z2,2,2160,,,LA CUESTECITA INDUSTRIAL,1375.00,2160,2160
2024,Z2,2,2161,,,PRADERAS DEL ÁGUILA,1087.00,2161,2161
2024,Z3,3,3001,,,ALTAMIRA,2677.00,3001,3001
2024,Z3,3,3002,,,ALTAMIRA SUR,2333.00,3002,3002
2024,Z3,3,3003,,,AMÉRICA,4384.00,3003,3003
2024,Z3,3,3004,,,AZCONA,2628.00,3004,3004
2024,Z3,3,3005,,,VILLA LOMAS - PUEBLO BONITO,3499.00,3005,3005
2024,Z3,3,3006,,,CASTILLO,2988.00,3006,3006
2024,Z3,3,3007,,,HIPÓDROMO,4370.00,3007,3007
2024,Z3,3,3008,,,LINDA VISTA,2855.00,3008,3008
2024,Z3,3,3009,,,PANTEÓN JARDÍN,460.00,3009,3009
2024,Z3,3,3010,,,MÉXICO,2035.00,3010,3010
2024,Z3,3,3011,,,CHULA VISTA - CUBILLAS SUR,2503.00,3011,3011
2024,Z3,3,3012,,,CUMBRES DE JUÁREZ,5145.00,3012,3012
2024,Z3,3,3013,,,LADERAS DE MONTERREY,3389.00,3013,3013
2024,Z3,3,3014,,,CHAPULTEPEC,5048.00,3014,3014
2024,Z3,3,3015,,,CHAPULTEPEC ESTE,5048.00,3015,3015
2024,Z3,3,3016,,,CONJUNTO RESIDENCIAL CATAVIÑA,4259.00,3016,3016
2024,Z3,3,3017,,,PRIVADA CATALANA,5324.00,3017,3017
2024,Z3,3,3018,,,COLINAS DE AGUA CALIENTE,4715.00,3018,3018
2024,Z3,3,3020,,,DÁVILA,5047.00,3020,3020
2024,Z3,3,3021,,,EL BOSQUE,3719.00,3021,3021
2024,Z3,3,3022,,,JARDINES DE CHAPULTEPEC S-E,4149.00,3022,3022
2024,Z3,3,3023,,,GUADALAJARA,1796.00,3023,3023
2024,Z3,3,3024,,,HACIENDA AGUA CALIENTE,5303.00,3024,3024
2024,Z3,3,3025,,,HERRADURA,3719.00,3025,3025
2024,Z3,3,3026,,,HERRADURA SUR,1772.00,3026,3026
2024,Z3,3,3027,,,HIPÓDROMO AGUA CALIENTE,1452.00,3027,3027
2024,Z3,3,3028,,,INDEPENDENCIA,2878.00,3028,3028
2024,Z3,3,3029,,,JARDINES DE CHAPULTEPEC,4149.00,3029,3029
2024,Z3,3,3030,,,LOMAS DE AGUA CALIENTE 5A. SECCIÓN,5005.00,3030,3030
2024,Z3,3,3031,,,LOMAS HIPÓDROMO,4316.00,3031,3031
2024,Z3,3,3032,,,CAÑÓN PRIMAVERA,1379.00,3032,3032
2024,Z3,3,3033,,,LOMAS DOCTORES,3489.00,3033,3033
2024,Z3,3,3034,,,MARRÓN,3830.00,3034,3034
2024,Z3,3,3035,,,MORELOS,2503.00,3035,3035
2024,Z3,3,3036,,,MONTERREY,2932.00,3036,3036
2024,Z3,3,3037,,,NEIDHART,4272.00,3037,3037
2024,Z3,3,3038,,,PLAN DE BARRANQUITAS,3501.00,3038,3038
2024,Z3,3,3039,,,PLANETARIO,1772.00,3039,3039
2024,Z3,3,3040,,,PUERTA DE HIERRO,6326.00,3040,3040
2024,Z3,3,3041,,,RANCHO GRANDE,3888.00,3041,3041
2024,Z3,3,3042,,,RANCHO EL GRANDE (SIN URBANIZAR),1700.00,3042,3042
2024,Z3,3,3043,,,REVOLUCIÓN,4378.00,3043,3043
2024,Z3,3,3044,,,RINCÓN COLONIAL CHAPULTEPEC,5048.00,3044,3044
2024,Z3,3,3045,,,ROMA,2590.00,3045,3045
2024,Z3,3,3047,,,CUAUHTÉMOC,2402.00,3047,3047
2024,Z3,3,3048,,,AVIACIÓN,4378.00,3048,3048
2024,Z3,3,3049,,,LOMAS DE AGUA CALIENTE 1A. SECCIÓN,4691.00,3049,3049
2024,Z3,3,3050,,,"LOMAS DE AGUA CALIENTE 2A, 3A Y 4A SECC.",4395.00,3050,3050
2024,Z3,3,3051,,,CAÑÓN SAN GERÓNIMO,1090.00,3051,3051
2024,Z3,3,3052,,,CAÑÓN DE LA PEDRERA,1905.00,3052,3052
2024,Z3,3,3053,,,ALEMÁN,2746.00,3053,3053
2024,Z3,3,3054,,,EMPLEADOS FEDERALES,2767.00,3054,3054
2024,Z3,3,3055,,,CUBILLAS,3830.00,3055,3055
2024,Z3,3,3056,,,CENTRO ESCOLAR AGUA CALIENTE,2042.00,3056,3056
2024,Z3,3,3057,,,AGUA CALIENTE,4666.00,3057,3057
2024,Z3,3,3058,,,CAMPO DE GOLF,1276.00,3058,3058
2024,Z3,3,3059,,,GAVILONDO,3940.00,3059,3059
2024,Z3,3,3060,,,JUÁREZ ESTE,4205.00,3060,3060
2024,Z3,3,3061,,,JUÁREZ OESTE,3719.00,3061,3061
2024,Z3,3,3062,,,HIDALGO,2436.00,3062,3062
2024,Z3,3,3063,,,CALETTE,4162.00,3063,3063
2024,Z3,3,3064,,,CAÑÓN OASIS,1639.00,3064,3064
2024,Z3,3,3065,,,MADERO,5107.00,3065,3065
2024,Z3,3,3066,,,LA REMOSA,2435.00,3066,3066
2024,Z3,3,3067,,,MADERO SUR,4272.00,3067,3067
2024,Z3,3,3068,,,GUERRERO,2522.00,3068,3068
2024,Z3,3,3069,,,BURÓCRATAS HIPÓDROMO,3166.00,3069,3069
2024,Z3,3,3070,,,LOMAS DE AGUA CALIENTE 6A SECCIÓN,5005.00,3070,3070
2024,Z3,3,3071,,,AGUA CALIENTE SECCIÓN PINOS,3501.00,3071,3071
2024,Z3,3,3072,,,LÓPEZ MATEOS,3703.00,3072,3072
2024,Z3,3,3073,,,CAÑÓN DE LA PEDRERA,1137.00,3073,3073
2024,Z3,3,3074,,,FUNDADORES,1241.00,3074,3074
2024,Z3,3,3075,,,HACIENDA LAS PALOMAS,1417.00,3075,3075
2024,Z3,3,3076,,,COLINAS DE CHAPULTEPEC,4272.00,3076,3076
2024,Z3,3,3077,,,TOREO DE TIJUANA,3191.00,3077,3077
2024,Z3,3,3078,,,AL NORTE DE LADERAS DE MONTERREY,1395.00,3078,3078
2024,Z3,3,3079,,,HACIENDA AGUA CALIENTE II,5907.00,3079,3079
2024,Z3,3,3080,,,CHAPULTEPEC 10A. SECCIÓN,4017.00,3080,3080
2024,Z4,4,4001,,,AEROPUERTO EJIDO TAMPICO,2104.00,4001,4001
2024,Z4,4,4002,,,AEROPUERTO,2667.00,4002,4002
2024,Z4,4,4003,,,ANEXA BUENA VISTA,1496.00,4003,4003
2024,Z4,4,4004,,,ANEXA DEL RÍO,1189.00,4004,4004
2024,Z4,4,4005,,,ALAMAR,1502.00,4005,4005
2024,Z4,4,4006,,,BUENA VISTA,3246.00,4006,4006
2024,Z4,4,4007,,,CHAMIZAL,1996.00,4007,4007
2024,Z4,4,4008,,,BURÓCRATA RUIZ CORTINEZ,3121.00,4008,4008
2024,Z4,4,4009,,,CAMPESTRE MURUA,1968.00,4009,4009
2024,Z4,4,4010,,,CHAPULTEPEC ALAMAR,1603.00,4010,4010
2024,Z4,4,4011,,,CENTRO URBANO 70-76,1981.00,4011,4011
2024,Z4,4,4012,,,DEL RÍO,2363.00,4012,4012
2024,Z4,4,4013,,,MURUA ORIENTE,1175.00,4013,4013
2024,Z4,4,4015,,,MIGUEL HIDALGO,1439.00,4015,4015
2024,Z4,4,4016,,,GUADALUPE VICTORIA,2593.00,4016,4016
2024,Z4,4,4017,,,KENNEDY,1727.00,4017,4017
2024,Z4,4,4018,,,LAS CALIFORNIAS,2831.00,4018,4018
2024,Z4,4,4019,,,OTAY INSURGENTES,3018.00,4019,4019
2024,Z4,4,4020,,,LÓPEZ LEYVA,2834.00,4020,4020
2024,Z4,4,4021,,,OTAY UNIVERSIDAD,3015.00,4021,4021
2024,Z4,4,4022,,,LADERAS DE OTAY,2713.00,4022,4022
2024,Z4,4,4023,,,UNIVERSIDAD SUR,2412.00,4023,4023
2024,Z4,4,4025,,,LAS PLAZAS,2511.00,4025,4025
2024,Z4,4,4026,,,RÍO VISTA,1618.00,4026,4026
2024,Z4,4,4027,,,VALLE VISTA I,1618.00,4027,4027
2024,Z4,4,4028,,,VALLE VISTA II,1417.00,4028,4028
2024,Z4,4,4029,,,CENTRO COMERCIAL OTAY,2767.00,4029,4029
2024,Z4,4,4030,,,BOSQUE DE LAS ARAUCARIAS,2651.00,4030,4030
2024,Z4,4,4031,,,SEPANAL,1844.00,4031,4031
2024,Z4,4,4032,,,IGNACIO ZARAGOZA,1618.00,4032,4032
2024,Z4,4,4033,,,NUEVO TIJUANA MÓDULO DE OTAY,2503.00,4033,4033
2024,Z4,4,4034,,,CBTIS NUEVA TIJUANA,1208.00,4034,4034
2024,Z4,4,4035,,,PARQUE DE LA AMISTAD,1100.00,4035,4035
2024,Z4,4,4036,,,PERIMETRAL NORTE,1838.00,4036,4036
2024,Z4,4,4037,,,ROBERTO DE LA MADRID,1993.00,4037,4037
2024,Z4,4,4038,,,FOVISSSTE I,2656.00,4038,4038
2024,Z4,4,4039,,,OTAY TECNOLÓGICO,2857.00,4039,4039
2024,Z4,4,4040,,,LIBERTAD PARTE ALTA,2424.00,4040,4040
2024,Z4,4,4041,,,LIBERTAD PARTE MEDIA,2561.00,4041,4041
2024,Z4,4,4042,,,LIBERTAD PARTE BAJA,2931.00,4042,4042
2024,Z4,4,4043,,,CAÑÓN EMILIANO ZAPATA LIBERTAD,1174.00,4043,4043
2024,Z4,4,4044,,,CAÑÓN OTAY,1054.00,4044,4044
2024,Z4,4,4045,,,NIDO DE LAS ÁGUILAS,974.00,4045,4045
2024,Z4,4,4046,,,RANCHO ESCONDIDO,974.00,4046,4046
2024,Z4,4,4047,,,ZONA URBANA EJIDO CHILPANCINGO,1838.00,4047,4047
2024,Z4,4,4048,,,LAS TORRES,1394.00,4048,4048
2024,Z4,4,4049,,,10 DE MAYO,1306.00,4049,4049
2024,Z4,4,4050,,,GRANJAS FAMILIARES UNIDAS,909.00,4050,4050
2024,Z4,4,4051,,,RINCONADA Y GRANJAS DIVISIÓN DEL NORTE,909.00,4051,4051
2024,Z4,4,4052,,,RINCONADA DE OTAY,2604.00,4052,4052
2024,Z4,4,4053,,,MINERAL SANTA FE,1838.00,4053,4053
2024,Z4,4,4054,,,ARENALES A,1727.00,4054,4054
2024,Z4,4,4055,,,ARENALES B,1727.00,4055,4055
2024,Z4,4,4056,,,AMPLIACIÓN LOMAS TAURINAS,1189.00,4056,4056
2024,Z4,4,4057,,,XICONTÉNCATL LEYVA (OE),2391.00,4057,4057
2024,Z4,4,4058,,,INFONAVIT LA LOMA (MANUEL RIVERA ANAYA),2480.00,4058,4058
2024,Z4,4,4059,,,LOMAS TAURINAS,1333.00,4059,4059
2024,Z4,4,4060,,,INDECO UNIVERSIDAD,3038.00,4060,4060
2024,Z4,4,4061,,,INFONAVIT PATRIMONIO,2412.00,4061,4061
2024,Z4,4,4062,,,MAGISTERIAL,1993.00,4062,4062
2024,Z4,4,4063,,,ANEXA MAGISTERIAL,1328.00,4063,4063
2024,Z4,4,4064,,,VISTA ALAMAR,1285.00,4064,4064
2024,Z4,4,4065,,,ALTABRISA,4727.00,4065,4065
2024,Z4,4,4066,,,OTAY JARDÍN,2631.00,4066,4066
2024,Z4,4,4067,,,OTAY CONSTITUYENTES,3005.00,4067,4067
2024,Z4,4,4068,,,CAMPOS DEPORTIVOS,926.00,4068,4068
2024,Z4,4,4069,,,TOMÁS AQUINO,2767.00,4069,4069
2024,Z4,4,4070,,,ALFONSO GARZÓN,1151.00,4070,4070
2024,Z4,4,4071,,,MAESTROS UNIVERSITARIOS,3273.00,4071,4071
2024,Z4,4,4073,,,RANCHO RIVERA,1108.00,4073,4073
2024,Z4,4,4074,,,DEFENSORES DE BAJA CALIFORNIA,1635.00,4074,4074
2024,Z4,4,4075,,,EX EJIDO TAMPICO,1488.00,4075,4075
2024,Z4,4,4076,,,OTAY DELICIAS,2347.00,4076,4076
2024,Z4,4,4077,,,PLAZA OTAY,2750.00,4077,4077
2024,Z4,4,4078,,,FOVISSSTE II,2613.00,4078,4078
2024,Z4,4,4079,,,UNIDAD DEPORTIVA ITT,1208.00,4079,4079
2024,Z4,4,4080,,,GARITA DE OTAY,2457.00,4080,4080
2024,Z4,4,4081,,,GARITA INTERNACIONAL,1473.00,4081,4081
2024,Z4,4,4082,,,HOSPITAL DE LAS CALIFORNIAS,2047.00,4082,4082
2024,Z4,4,4083,,,ANEXA POSTAL,1506.00,4083,4083
2024,Z4,4,4084,,,EMPLEADO POSTAL,2466.00,4084,4084
2024,Z4,4,4085,,,CAÑÓN DEL PADRE,985.00,4085,4085
2024,Z4,4,4086,,,CIUDAD INDUSTRIAL,2281.00,4086,4086
2024,Z4,4,4087,,,PARQUE INDUSTRIAL EJIDO CHILPANCINGO,2524.00,4087,4087
2024,Z4,4,4088,,,PARQUE INDUSTRIAL CHILPANCINGO,2547.00,4088,4088
2024,Z4,4,4089,,,OTAY GALERIAS,2834.00,4089,4089
2024,Z4,4,4091,,,LA PECHUGA,2723.00,4091,4091
2024,Z4,4,4092,,,PARQUE INDUSTRIAL TIJUANA,2497.00,4092,4092
2024,Z4,4,4093,,,PARQUE IND. INTERNACIONAL TIJUANA,2936.00,4093,4093
2024,Z4,4,4094,,,INSURGENTES,1175.00,4094,4094
2024,Z4,4,4095,,,FOVISSSTE V,2547.00,4095,4095
2024,Z4,4,4096,,,MISIONES DEL PEDREGAL,3830.00,4096,4096
2024,Z4,4,4097,,,RIBERAS DEL ALAMAR,2412.00,4097,4097
2024,Z4,4,4098,,,SCT,1798.00,4098,4098
2024,Z4,4,4099,,,PLAZA AMERICANA,2947.00,4099,4099
2024,Z4,4,4100,,,U.A.B.C.,1283.00,4100,4100
2024,Z4,4,4101,,,SANTA ANITA,2547.00,4101,4101
2024,Z4,4,4102,,,PARQUE IND. MISIONES,1661.00,4102,4102
2024,Z4,4,4103,,,SECCIÓN UNIVERSIDAD SUR,886.00,4103,4103
2024,Z4,4,4104,,,RESIDENCIAL OTAY VISTA,3671.00,4104,4104
2024,Z4,4,4105,,,ANEXA CHILPANCINGO,1422.00,4105,4105
2024,Z4,4,4106,,,ANEXA MINERAL SANTA FE,2834.00,4106,4106
2024,Z4,4,4107,,,PRIVADA OTAY,2791.00,4107,4107
2024,Z4,4,4108,,,RESIDENCIAL VALLE DEL ALAMAR,2547.00,4108,4108
2024,Z4,4,4109,,,RIVERA DE BOSQUE,2395.00,4109,4109
2024,Z4,4,4110,,,LAS TORRES,2076.00,4110,4110
2024,Z4,4,4111,,,RESIDENCIAL EL FUERTE Y URBIQUINTA MARSELLA,2767.00,4111,4111
2024,Z4,4,4112,,,LOMAS TERRABELLA,2662.00,4112,4112
2024,Z4,4,4113,,,PONTEVEDRA,2876.00,4113,4113
2024,Z4,4,4114,,,PEGASO,1236.00,4114,4114
2024,Z4,4,4115,,,OTAY LAGO PARQUE DE LA AMISTAD,3671.00,4115,4115
2024,Z4,4,4116,,,INDUSTRIAL ALAMAR,2235.00,4116,4116
2024,Z4,4,4117,,,TERMINAL AEROPUERTO,1283.00,4117,4117
2024,Z4,4,4118,,,EJIDO TAMPICO,1435.00,4118,4118
2024,Z5,5,5001,,,ALCALÁ,2656.00,5001,5001
2024,Z5,5,5002,,,ALICIA CARRILLO,2746.00,5002,5002
2024,Z5,5,5003,,,ANÁHUAC,2746.00,5003,5003
2024,Z5,5,5004,,,ANEXA DURANGO,1592.00,5004,5004
2024,Z5,5,5005,,,ANEXA VERACRUZ,1551.00,5005,5005
2024,Z5,5,5006,,,ANGÉLICA,2967.00,5006,5006
2024,Z5,5,5007,,,ARBOLEDAS (DE LA MESA),2211.00,5007,5007
2024,Z5,5,5008,,,BAJA CALIFORNIA,2347.00,5008,5008
2024,Z5,5,5009,,,CAMINO REAL,2988.00,5009,5009
2024,Z5,5,5010,,,CASTRO,2604.00,5010,5010
2024,Z5,5,5011,,,P-110 Y 113,2524.00,5011,5011
2024,Z5,5,5012,,,CASTRO GREEN,2604.00,5012,5012
2024,Z5,5,5013,,,CAMICHIN,2723.00,5013,5013
2024,Z5,5,5014,,,CAMPOS,1293.00,5014,5014
2024,Z5,5,5015,,,ANEXA LOMA DORADA,1148.00,5015,5015
2024,Z5,5,5016,,,LÓPEZ OESTE,2436.00,5016,5016
2024,Z5,5,5017,,,CONTRERAS (CONTRERAS OESTE),2834.00,5017,5017
2024,Z5,5,5018,,,TERRENOS RÚSTICOS CAÑÓN DEL SAINZ,332.00,5018,5018
2024,Z5,5,5019,,,COLINAS DEL DESCANSO SUBURBANO,399.00,5019,5019
2024,Z5,5,5020,,,PANTEÓN COLINAS DEL DESCANSO,577.00,5020,5020
2024,Z5,5,5021,,,CECEÑA,2967.00,5021,5021
2024,Z5,5,5022,,,PARCELA 146,2580.00,5022,5022
2024,Z5,5,5023,,,CHIHUAHUA LA MESA,2503.00,5023,5023
2024,Z5,5,5024,,,CHAPULTEPEC ALAMAR,1175.00,5024,5024
2024,Z5,5,5025,,,CHAPULTEPEC CALIFORNIA,3940.00,5025,5025
2024,Z5,5,5026,,,CORTEZ,2878.00,5026,5026
2024,Z5,5,5027,,,CONSTITUCIÓN 1917,2104.00,5027,5027
2024,Z5,5,5028,,,COLINAS DE LA MESA,1148.00,5028,5028
2024,Z5,5,5029,,,DIMENSTEIN,2900.00,5029,5029
2024,Z5,5,5030,,,ZONA 550 (3RA. ETAPA RÍO),2764.00,5030,5030
2024,Z5,5,5031,,,CENTRAL DE ABASTOS (ALAMOS),2580.00,5031,5031
2024,Z5,5,5032,,,ZONA HOMOGÉNEA 509,618.00,5032,5032
2024,Z5,5,5033,,,LAGO NORTE (EL VERGEL),841.00,5033,5033
2024,Z5,5,5034,,,DURANGO,1692.00,5034,5034
2024,Z5,5,5035,,,EL MIRADOR LA MESA,2834.00,5035,5035
2024,Z5,5,5036,,,EL PARAISO,4870.00,5036,5036
2024,Z5,5,5037,,,EL PRADO OESTE,2580.00,5037,5037
2024,Z5,5,5038,,,PARCELA 65,2015.00,5038,5038
2024,Z5,5,5039,,,EMPERADORES,1727.00,5039,5039
2024,Z5,5,5040,,,FORTIN DE LAS FLORES,2604.00,5040,5040
2024,Z5,5,5041,,,PARCELA 44,1285.00,5041,5041
2024,Z5,5,5042,,,GARCÍA PARCELA 46,1395.00,5042,5042
2024,Z5,5,5043,,,PARCELA 53,1306.00,5043,5043
2024,Z5,5,5044,,,LOMAS DE LA PRESA,2391.00,5044,5044
2024,Z5,5,5045,,,GERÓNIMO MEZA,2723.00,5045,5045
2024,Z5,5,5046,,,GERTRUDIS GREEN,2613.00,5046,5046
2024,Z5,5,5047,,,PARCELA -125,3062.00,5047,5047
2024,Z5,5,5048,,,GUADALAJARA (LA MESA),2604.00,5048,5048
2024,Z5,5,5049,,,GUANAJUATO,1845.00,5049,5049
2024,Z5,5,5050,,,GUILLÉN,2944.00,5050,5050
2024,Z5,5,5051,,,FORTIN LAS FLORES OESTE,1787.00,5051,5051
2024,Z5,5,5052,,,HIPÓDROMO DOS,3276.00,5052,5052
2024,Z5,5,5053,,,LAS HUERTAS 5A. SECCIÓN,2604.00,5053,5053
2024,Z5,5,5054,,,INFONAVIT LATINOS,2249.00,5054,5054
2024,Z5,5,5055,,,INFONAVIT LOMAS VERDES,2214.00,5055,5055
2024,Z5,5,5056,,,PARCELA 69,1927.00,5056,5056
2024,Z5,5,5057,,,JALISCO,2944.00,5057,5057
2024,Z5,5,5058,,,JARDINES DE LA MESA,2606.00,5058,5058
2024,Z5,5,5059,,,JARDINES DE SAN CARLOS,4205.00,5059,5059
2024,Z5,5,5060,,,LA ESCONDIDA,3763.00,5060,5060
2024,Z5,5,5061,,,LA ESMERALDA,2767.00,5061,5061
2024,Z5,5,5062,,,LA JOYA (LA MESA),2604.00,5062,5062
2024,Z5,5,5063,,,LA MESA,3719.00,5063,5063
2024,Z5,5,5064,,,LA MESA SUR,3166.00,5064,5064
2024,Z5,5,5065,,,LA VILLA,2604.00,5065,5065
2024,Z5,5,5066,,,LA CIÉNEGA,2237.00,5066,5066
2024,Z5,5,5067,,,LA CIÉNEGA SUR,1727.00,5067,5067
2024,Z5,5,5068,,,LOMA DE LA CRUZ,1148.00,5068,5068
2024,Z5,5,5069,,,GAS Y ANEXA,2580.00,5069,5069
2024,Z5,5,5070,,,LAS BRISAS,2867.00,5070,5070
2024,Z5,5,5071,,,PARCELA 133 LAS BRISAS NORTE,2656.00,5071,5071
2024,Z5,5,5072,,,LAS FUENTES,2988.00,5072,5072
2024,Z5,5,5073,,,PARCELA 151,2480.00,5073,5073
2024,Z5,5,5074,,,LAS LILAS,2633.00,5074,5074
2024,Z5,5,5075,,,LAS PALMAS,4300.00,5075,5075
2024,Z5,5,5076,,,LAS VEGAS,2604.00,5076,5076
2024,Z5,5,5077,,,LOS ÁLAMOS,3078.00,5077,5077
2024,Z5,5,5078,,,LOS ÁNGELES,2746.00,5078,5078
2024,Z5,5,5079,,,LOS ÁRBOLES,2604.00,5079,5079
2024,Z5,5,5080,,,LOS ESPAÑOLES,2302.00,5080,5080
2024,Z5,5,5081,,,LOS OLIVOS,2656.00,5081,5081
2024,Z5,5,5082,,,LOS PIRULES,1897.00,5082,5082
2024,Z5,5,5083,,,LOS REYES,2186.00,5083,5083
2024,Z5,5,5084,,,LOS VENADOS,2423.00,5084,5084
2024,Z5,5,5085,,,LEOS MONTOYA,2613.00,5085,5085
2024,Z5,5,5086,,,LÓPEZ,3056.00,5086,5086
2024,Z5,5,5087,,,LÓPEZ LUCIO,2988.00,5087,5087
2024,Z5,5,5088,,,LUNA PARK,2604.00,5088,5088
2024,Z5,5,5089,,,LUZ JUÁREZ,2678.00,5089,5089
2024,Z5,5,5090,,,MAGAÑA,2723.00,5090,5090
2024,Z5,5,5091,,,MÉXICO LINDO,1519.00,5091,5091
2024,Z5,5,5092,,,MORENO SEGUNDA SECCIÓN,2604.00,5092,5092
2024,Z5,5,5093,,,INFONAVIT CACHANILLAS,2249.00,5093,5093
2024,Z5,5,5094,,,LOMAS DE LA AMISTAD,1506.00,5094,5094
2024,Z5,5,5095,,,MAURILIO MAGALLÓN,2708.00,5095,5095
2024,Z5,5,5096,,,NIÑOS HÉROES (LA MESA),2211.00,5096,5096
2024,Z5,5,5097,,,ORIZABA,2604.00,5097,5097
2024,Z5,5,5098,,,INFONAVIT PLAN IGUALA,2249.00,5098,5098
2024,Z5,5,5099,,,PARCELA 122,2480.00,5099,5099
2024,Z5,5,5100,,,RAMOS,2767.00,5100,5100
2024,Z5,5,5101,,,RAMOS SUR,1911.00,5101,5101
2024,Z5,5,5102,,,GRANJA AMPARO SÁNCHEZ PONCE (URB),719.00,5102,5102
2024,Z5,5,5103,,,EL REFORMA,1378.00,5103,5103
2024,Z5,5,5104,,,RESIDENCIAL REAL DEL MONTE,3101.00,5104,5104
2024,Z5,5,5105,,,CAMINO VERDE,1328.00,5105,5105
2024,Z5,5,5106,,,ANEXA SÁNCHEZ TABOADA,1484.00,5106,5106
2024,Z5,5,5107,,,RUBIO,2613.00,5107,5107
2024,Z5,5,5108,,,PARQUE INDUSTRIAL LA MESA,1993.00,5108,5108
2024,Z5,5,5109,,,RESIDENCIAL AGUA CALIENTE,3211.00,5109,5109
2024,Z5,5,5110,,,SAN ANTONIO,2604.00,5110,5110
2024,Z5,5,5111,,,SAN CARLOS,2878.00,5111,5111
2024,Z5,5,5112,,,ALFONSO CORONA DEL ROSAL,2580.00,5112,5112
2024,Z5,5,5113,,,SANTA CECILIA,2006.00,5113,5113
2024,Z5,5,5114,,,SANTA CRUZ,2767.00,5114,5114
2024,Z5,5,5115,,,SANTA ELENA,2604.00,5115,5115
2024,Z5,5,5116,,,SANTA FE,2524.00,5116,5116
2024,Z5,5,5117,,,SANTA ROSA,2678.00,5117,5117
2024,Z5,5,5118,,,SONOITA,2656.00,5118,5118
2024,Z5,5,5119,,,RAMÍREZ,2746.00,5119,5119
2024,Z5,5,5120,,,TONA,2015.00,5120,5120
2024,Z5,5,5121,,,URIAS,2569.00,5121,5121
2024,Z5,5,5122,,,VILLA COLONIAL,2878.00,5122,5122
2024,Z5,5,5123,,,YAMILLE,2503.00,5123,5123
2024,Z5,5,5124,,,ZERMEÑO (MÉRIDA),2211.00,5124,5124
2024,Z5,5,5125,,,INFONAVIT LA MESA,2436.00,5125,5125
2024,Z5,5,5126,,,VERACRUZ,2604.00,5126,5126
2024,Z5,5,5127,,,ANEXA SANTA FE,1551.00,5127,5127
2024,Z5,5,5128,,,FLORESTA 1A Y 2A SECCIÓN (VILLA FLORESTA),2604.00,5128,5128
2024,Z5,5,5129,,,QUINTA ALTA,2547.00,5129,5129
2024,Z5,5,5130,,,HABITACIONAL ELECTRICISTAS,2547.00,5130,5130
2024,Z5,5,5131,,,ELECTRICISTAS,2834.00,5131,5131
2024,Z5,5,5132,,,SONORA,2613.00,5132,5132
2024,Z5,5,5133,,,SONORA (SUR),2656.00,5133,5133
2024,Z5,5,5134,,,LAS HUERTAS 3A. SECCIÓN,2604.00,5134,5134
2024,Z5,5,5135,,,MONTE BELLO,2988.00,5135,5135
2024,Z5,5,5136,,,EL PRADO,4300.00,5136,5136
2024,Z5,5,5137,,,PINOS DE NARES,2324.00,5137,5137
2024,Z5,5,5138,,,PINOS DE NARES 2A. SECCIÓN,1883.00,5138,5138
2024,Z5,5,5139,,,LA CIÉNEGA PONIENTE,2104.00,5139,5139
2024,Z5,5,5140,,,JOSÉ SANDOVAL,2723.00,5140,5140
2024,Z5,5,5141,,,LAS HUERTAS 4A. SECCIÓN,2604.00,5141,5141
2024,Z5,5,5142,,,P-77,2005.00,5142,5142
2024,Z5,5,5143,,,18 DE MARZO,2211.00,5143,5143
2024,Z5,5,5144,,,PRESA RODRÍGUEZ,2169.00,5144,5144
2024,Z5,5,5145,,,PARCELA 42,1288.00,5145,5145
2024,Z5,5,5146,,,MORENO,3166.00,5146,5146
2024,Z5,5,5147,,,BENTON,2723.00,5147,5147
2024,Z5,5,5148,,,BALCÓN LAS HUERTAS,2420.00,5148,5148
2024,Z5,5,5149,,,LOMAS CONJUNTO RESIDENCIAL,2420.00,5149,5149
2024,Z5,5,5150,,,CONTRERAS,3166.00,5150,5150
2024,Z5,5,5151,,,EL PEDREGAL,2436.00,5151,5151
2024,Z5,5,5152,,,EL PEDREGAL OESTE (PEDREGAL),2436.00,5152,5152
2024,Z5,5,5153,,,LAS HUERTAS 1A. SECCIÓN,2893.00,5153,5153
2024,Z5,5,5154,,,EMILIANO ZAPATA,1152.00,5154,5154
2024,Z5,5,5155,,,LA ESPERANZA,1529.00,5155,5155
2024,Z5,5,5156,,,ANEXA 20 DE NOVIEMBRE,2902.00,5156,5156
2024,Z5,5,5157,,,20 DE NOVIEMBRE,3266.00,5157,5157
2024,Z5,5,5158,,,AMPLIACIÓN SÁNCHEZ TABOADA,1661.00,5158,5158
2024,Z5,5,5159,,,GERÓNIMO MEZA ESTE,2351.00,5159,5159
2024,Z5,5,5160,,,LOMA DORADA CAMPOS,1293.00,5160,5160
2024,Z5,5,5161,,,CAÑÓN DE LAS HUERTAS O SALADO,1040.00,5161,5161
2024,Z5,5,5162,,,LOS PINOS DE AGÜERO,2604.00,5162,5162
2024,Z5,5,5163,,,REYNOSO,3211.00,5163,5163
2024,Z5,5,5164,,,REYNOSO (P 162),3211.00,5164,5164
2024,Z5,5,5165,,,FOVISSSTE LOS VOLCANES,2531.00,5165,5165
2024,Z5,5,5166,,,AMPLIACIÓN REFORMA,1439.00,5166,5166
2024,Z5,5,5167,,,INFONAVIT VILLAS DE BAJA CALIFORNIA,2115.00,5167,5167
2024,Z5,5,5168,,,LAS HUERTAS 2A. SECCIÓN,2878.00,5168,5168
2024,Z5,5,5169,,,ARBOLEDAS,2211.00,5169,5169
2024,Z5,5,5170,,,SANTA ANITA RESIDENCIAL,2944.00,5170,5170
2024,Z5,5,5171,,,VAIM,2104.00,5171,5171
2024,Z5,5,5172,,,LOS SANTOS,2580.00,5172,5172
2024,Z5,5,5173,,,SAN LUIS,1072.00,5173,5173
2024,Z5,5,5174,,,SAN ANTONIO OESTE,2193.00,5174,5174
2024,Z5,5,5175,,,LOS VENADOS OESTE,2169.00,5175,5175
2024,Z5,5,5176,,,NIÑOS HÉROES ESTE,2169.00,5176,5176
2024,Z5,5,5177,,,P-90,2677.00,5177,5177
2024,Z5,5,5178,,,RANCHO EL SUSPIRO,1793.00,5178,5178
2024,Z5,5,5179,,,TERRAZAS DE LA PRESA,2834.00,5179,5179
2024,Z5,5,5180,,,LOS NARANJOS,1064.00,5180,5180
2024,Z5,5,5181,,,3 DE OCTUBRE,1399.00,5181,5181
2024,Z5,5,5182,,,VIVIENDAS MAGISTERIAL 37,2211.00,5182,5182
2024,Z5,5,5183,,,SÁNCHEZ TABOADA II,1108.00,5183,5183
2024,Z5,5,5184,,,EL VALLE (SIRAK M. BALOYÁN),2926.00,5184,5184
2024,Z5,5,5185,,,RODOLFO SÁNCHEZ TABOADA (PRODUTSA),1618.00,5185,5185
2024,Z5,5,5186,,,3A. SECC. TECOLOTE,948.00,5186,5186
2024,Z5,5,5188,,,VALLE DORADO,1064.00,5188,5188
2024,Z5,5,5189,,,ARBOLEDA I,2564.00,5189,5189
2024,Z5,5,5190,,,GRANJA BUENOS AIRES,606.00,5190,5190
2024,Z5,5,5191,,,COLINAS DE SAN RAFAEL,813.00,5191,5191
2024,Z5,5,5192,,,GENERACIÓN 2000 (BUENOS AIRES AL SUR PRESA),813.00,5192,5192
2024,Z5,5,5193,,,LOMAS LAS HUERTAS,1081.00,5193,5193
2024,Z5,5,5194,,,JARDINES DE AGUA CALIENTE,3057.00,5194,5194
2024,Z5,5,5196,,,ÁREA SUB URBANA E5,466.00,5196,5196
2024,Z5,5,5197,,,BALCONES DE LA PRESA,2104.00,5197,5197
2024,Z5,5,5198,,,SUBURBANO,532.00,5198,5198
2024,Z5,5,5199,,,LA JOYA ESTE,2458.00,5199,5199
2024,Z5,5,5200,,,CAÑÓN DEL SAINZ SUR,644.00,5200,5200
2024,Z5,5,5201,,,PRESA RODRÍGUEZ SUBURBANO,289.00,5201,5201
2024,Z5,5,5202,,,ANEXA LOS REYES,1370.00,5202,5202
2024,Z5,5,5203,,,JAUJA,2816.00,5203,5203
2024,Z5,5,5204,,,PARAISO DEL RÍO,3981.00,5204,5204
2024,Z5,5,5205,,,BOSQUES DEL RÍO,2955.00,5205,5205
2024,Z5,5,5206,,,PASEO DEL PACÍFICO,2000.00,5206,5206
2024,Z5,5,5207,,,EL PRADO ESTE,2580.00,5207,5207
2024,Z5,5,5208,,,RESIDENCIAL DE CORTEZ,2295.00,5208,5208
2024,Z5,5,5209,,,DE LOS SANTOS ZONA COMERCIAL,3613.00,5209,5209
2024,Z5,5,5210,,,URBIVILLA DEL PRADO,2098.00,5210,5210
2024,Z5,5,5211,,,DIVISIÓN DEL NORTE,2322.00,5211,5211
2024,Z5,5,5212,,,SIMÓN BOLIVAR,3543.00,5212,5212
2024,Z5,5,5213,,,HACIENDA MEDITERRÁNEO,3483.00,5213,5213
2024,Z5,5,5214,,,COMERCIAL 3RA. ETAPA DEL RÍO,4715.00,5214,5214
2024,Z5,5,5215,,,I.M.S.S.,3211.00,5215,5215
2024,Z5,5,5216,,,PASEO DE LOS REYES,2115.00,5216,5216
2024,Z5,5,5217,,,COMERCIAL I.M.S.S.,3757.00,5217,5217
2024,Z5,5,5218,,,HACIENDA LAS DELICIAS,2098.00,5218,5218
2024,Z5,5,5219,,,URBIVILLA DEL PRADO II,2098.00,5219,5219
2024,Z5,5,5220,,,VILLAS JARDINES,2606.00,5220,5220
2024,Z5,5,5221,,,HACIENDA LAS DELICIAS II,2098.00,5221,5221
2024,Z5,5,5222,,,AVALÓN RESIDENCIAL,888.00,5222,5222
2024,Z5,5,5223,,,MACRO PLAZA,3875.00,5223,5223
2024,Z5,5,5224,,,RANCHO SANTA CRUZ,1072.00,5224,5224
2024,Z5,5,5225,,,HACIENDA LOS VENADOS,2230.00,5225,5225
2024,Z5,5,5226,,,ARBOLEDA II,2641.00,5226,5226
2024,Z5,5,5227,,,RESIDENCIAL LOS PINOS,2526.00,5227,5227
2024,Z5,5,5228,,,LOS VALLES,2098.00,5228,5228
2024,Z5,5,5229,,,VILLA DEL ÁLAMO,2098.00,5229,5229
2024,Z5,5,5230,,,LOMAS SAN MARTÍN,1772.00,5230,5230
2024,Z5,5,5231,,,FRACC. COLINAS DE SAN ÁNGEL,3057.00,5231,5231
2024,Z5,5,5233,,,NATURA SECCIÓN BOSQUES,2306.00,5233,5233
2024,Z5,5,5234,,,PALMA REAL,2098.00,5234,5234
2024,Z5,5,5235,,,HACIENDA LAS DELICIAS 3,2098.00,5235,5235
2024,Z5,5,5236,,,VILLA DEL ÁLAMO 2DA. SECCIÓN,585.00,5236,5236
2024,Z5,5,5237,,,AL SUR DE LA 3 DE OCTUBRE,787.00,5237,5237
2024,Z5,5,5238,,,PUERTA PLATA,2118.00,5238,5238
2024,Z5,5,5240,,,LOS OLIVOS NORTE,2507.00,5240,5240
2024,Z5,5,5241,,,COLINAS DE LA PRESA SECC. VISTA,2021.00,5241,5241
2024,Z5,5,5242,,,HACIENDA LOS LAURELES I Y II,2021.00,5242,5242
2024,Z5,5,5243,,,PARQUE INDUSTRIAL THOMAS ALVA EDISON,1255.00,5243,5243
2024,Z5,5,5244,,,VISTA HORIZONTE,1630.00,5244,5244
2024,Z6,6,6001,,,AZTECA,2082.00,6001,6001
2024,Z6,6,6002,,,CAÑÓN DE LA RAZA,1141.00,6002,6002
2024,Z6,6,6003,,,BUENOS AIRES SUR,1643.00,6003,6003
2024,Z6,6,6004,,,CERRO COLORADO 1A. SECCIÓN,2281.00,6004,6004
2024,Z6,6,6005,,,CERRO COLORADO 2A. SECCIÓN,2281.00,6005,6005
2024,Z6,6,6006,,,VIÑEDOS CASA BLANCA,886.00,6006,6006
2024,Z6,6,6007,,,HABITACIONAL ESTADIO,2130.00,6007,6007
2024,Z6,6,6008,,,INFONAVIT CAPISTRANO,2621.00,6008,6008
2024,Z6,6,6009,,,LIBRAMIENTO ZONA AO,2005.00,6009,6009
2024,Z6,6,6010,,,EL LAGO,3217.00,6010,6010
2024,Z6,6,6011,,,EL PORVENIR,2005.00,6011,6011
2024,Z6,6,6012,,,SEVILLA RESIDENCIAL,2475.00,6012,6012
2024,Z6,6,6013,,,FIDEICOMISO EL FLORIDO NORTE,1653.00,6013,6013
2024,Z6,6,6014,,,CALIMAX / CFE,1711.00,6014,6014
2024,Z6,6,6015,,,FIDEICOMISO EL FLORIDO SUBURB AL SUR CARRETERA,665.00,6015,6015
2024,Z6,6,6016,,,FIDEICOMISO EL FLORIDO SUBURBANO,645.00,6016,6016
2024,Z6,6,6017,,,PARQUE INDUSTRIAL LAS AMÉRICAS ESTE Y OESTE,2439.00,6017,6017
2024,Z6,6,6018,,,ALBA ROJA,2094.00,6018,6018
2024,Z6,6,6019,,,BAJA MAQ. TIJUANA,1927.00,6019,6019
2024,Z6,6,6020,,,INFONAVIT FIDEL VELÁZQUEZ,2292.00,6020,6020
2024,Z6,6,6021,,,KINO,2481.00,6021,6021
2024,Z6,6,6022,,,ESTADIO LOS POTROS,966.00,6022,6022
2024,Z6,6,6023,,,LOS SAUCILLOS,2481.00,6023,6023
2024,Z6,6,6024,,,VALLE VERDE,1768.00,6024,6024
2024,Z6,6,6025,,,PRADERAS DE LA MESA,1589.00,6025,6025
2024,Z6,6,6026,,,PRADERAS DE LA MESA VALLE DE LAS FLORES,1642.00,6026,6026
2024,Z6,6,6027,,,LOMA BONITA,2015.00,6027,6027
2024,Z6,6,6029,,,BUENOS AIRES NORTE,2104.00,6029,6029
2024,Z6,6,6030,,,FLORIDO 1A. Y 2A. SECCIÓN,1883.00,6030,6030
2024,Z6,6,6031,,,LAS ABEJAS,2198.00,6031,6031
2024,Z6,6,6032,,,PARQUE INDUSTRIAL EL FLORIDO I,1727.00,6032,6032
2024,Z6,6,6033,,,AMPLIACIÓN GUAYCURA,2065.00,6033,6033
2024,Z6,6,6034,,,BUGAMBILIAS,2503.00,6034,6034
2024,Z6,6,6035,,,EL PIPILA,1573.00,6035,6035
2024,Z6,6,6036,,,JOSÉ LÓPEZ PORTILLO,2320.00,6036,6036
2024,Z6,6,6037,,,ZONA URBANA EJIDO MATAMOROS (AGRARISTAS),1213.00,6037,6037
2024,Z6,6,6038,,,MARIANO MATAMOROS CENTRO,1948.00,6038,6038
2024,Z6,6,6039,,,MARIANO MATAMOROS SUR,1618.00,6039,6039
2024,Z6,6,6040,,,EL FLORIDO III,1923.00,6040,6040
2024,Z6,6,6041,,,AMPLIACIÓN LOMA BONITA,1727.00,6041,6041
2024,Z6,6,6042,,,GUAYCURA,2726.00,6042,6042
2024,Z6,6,6043,,,AMPLIACIÓN GABRIEL RODRÍGUEZ,1561.00,6043,6043
2024,Z6,6,6044,,,BAJA MAQ. EL ÁGUILA,2302.00,6044,6044
2024,Z6,6,6045,,,MESETA DEL GUAYCURA,1936.00,6045,6045
2024,Z6,6,6046,,,MARIANO MATAMOROS NORTE,2034.00,6046,6046
2024,Z6,6,6047,,,LOMAS DEL MATAMOROS,1710.00,6047,6047
2024,Z6,6,6049,,,VILLA FONTANA XIII,2199.00,6049,6049
2024,Z6,6,6050,,,INFONAVIT PRESIDENTES,2302.00,6050,6050
2024,Z6,6,6051,,,PATRIA NUEVA,1689.00,6051,6051
2024,Z6,6,6052,,,CERRO II,1233.00,6052,6052
2024,Z6,6,6053,,,POBLADO DEL EJIDO FRANCISCO VILLA,1734.00,6053,6053
2024,Z6,6,6054,,,GRANJAS FAMILIARES DEL MATAMOROS,1247.00,6054,6054
2024,Z6,6,6055,,,JARDÍN DORADO,2047.00,6055,6055
2024,Z6,6,6056,,,LA MORITA,1218.00,6056,6056
2024,Z6,6,6057,,,CONJ. HABITACIONAL LAS PRADERAS,2226.00,6057,6057
2024,Z6,6,6058,,,MISIÓN DE LAS CALIFORNIAS,2413.00,6058,6058
2024,Z6,6,6059,,,LA CAMPIÑA,2292.00,6059,6059
2024,Z6,6,6060,,,EL FLORIDO IV,1439.00,6060,6060
2024,Z6,6,6061,,,ZONA URBANA EJ. MATAMOROS POBLADO EJ. MATAMOROS,1473.00,6061,6061
2024,Z6,6,6062,,,EJIDO FRANCISCO VILLA 2A. SECCIÓN,1393.00,6062,6062
2024,Z6,6,6063,,,VILLA FONTANA I,2199.00,6063,6063
2024,Z6,6,6064,,,VILLA FONTANA II,2199.00,6064,6064
2024,Z6,6,6065,,,VILLA FONTANA III,2199.00,6065,6065
2024,Z6,6,6066,,,VILLA FONTANA IV,2199.00,6066,6066
2024,Z6,6,6067,,,VILLA DEL REAL I,2199.00,6067,6067
2024,Z6,6,6068,,,VILLA DEL REAL II,2199.00,6068,6068
2024,Z6,6,6069,,,VILLA DEL REAL III,2199.00,6069,6069
2024,Z6,6,6070,,,VILLA DEL REAL IV,2199.00,6070,6070
2024,Z6,6,6071,,,VILLA DEL REAL V,2199.00,6071,6071
2024,Z6,6,6072,,,PÓRTICOS DEL LAGO,2214.00,6072,6072
2024,Z6,6,6073,,,GRANJAS PRINCESAS DEL SOL,720.00,6073,6073
2024,Z6,6,6074,,,PARQUE INDUSTRIAL MIRASOL,1786.00,6074,6074
2024,Z6,6,6075,,,RANCHO EL ÁGUILA,1488.00,6075,6075
2024,Z6,6,6076,,,EL ENCINO LA MORITA 2A. SECCIÓN,1236.00,6076,6076
2024,Z6,6,6078,,,LOMA DORADA,3416.00,6078,6078
2024,Z6,6,6079,,,VILLA CRUZ,1682.00,6079,6079
2024,Z6,6,6080,,,PUERTA DEL SOL,1561.00,6080,6080
2024,Z6,6,6081,,,LOS LOBOS,2391.00,6081,6081
2024,Z6,6,6082,,,HACIENDA DEL COLORADO,2167.00,6082,6082
2024,Z6,6,6083,,,TERRAZAS DEL VALLE,1350.00,6083,6083
2024,Z6,6,6084,,,EL REFUGIO FRACCIONAMIENTO,2302.00,6084,6084
2024,Z6,6,6085,,,RANCHO TRES PIEDRAS,549.00,6085,6085
2024,Z6,6,6086,,,EL REALITO,577.00,6086,6086
2024,Z6,6,6087,,,EJIDO MACLOVIO ROJAS,978.00,6087,6087
2024,Z6,6,6088,,,VILLA FONTANA V,2199.00,6088,6088
2024,Z6,6,6089,,,VILLA FONTANA VI,2199.00,6089,6089
2024,Z6,6,6090,,,HÉROES DE LA INDEPENDENCIA,1573.00,6090,6090
2024,Z6,6,6091,,,PARQUE INDUSTRIAL PRESIDENTES,1786.00,6091,6091
2024,Z6,6,6092,,,EJIDO MATAMOROS (HORÓSCOPO),1131.00,6092,6092
2024,Z6,6,6093,,,TIERRA Y LIBERTAD,1573.00,6093,6093
2024,Z6,6,6094,,,TERRAZAS DEL VALLE 2A. SECC.,1263.00,6094,6094
2024,Z6,6,6095,,,VILLA DEL REAL VI,2199.00,6095,6095
2024,Z6,6,6096,,,VILLA DEL REAL VII,2199.00,6096,6096
2024,Z6,6,6097,,,VILLA FONTANA VII,2199.00,6097,6097
2024,Z6,6,6099,,,VILLA FONTANA IX,2199.00,6099,6099
2024,Z6,6,6100,,,TORRES DEL MARIANO,1439.00,6100,6100
2024,Z6,6,6101,,,EJIDO FRANCISCO VILLA,1661.00,6101,6101
2024,Z6,6,6102,,,COLINAS DEL ALAMAR (TORRES DEL LAGO),2082.00,6102,6102
2024,Z6,6,6103,,,MIRADOR CAPISTRANO,1485.00,6103,6103
2024,Z6,6,6104,,,ZONA URBANA EJIDO MATAMOROS COLAS DEL MATAMOROS,1516.00,6104,6104
2024,Z6,6,6105,,,VILLA DEL REAL XI,2199.00,6105,6105
2024,Z6,6,6106,,,LAURELES II DE LA PRESA,1861.00,6106,6106
2024,Z6,6,6107,,,LOMAS DEL VALLE,1395.00,6107,6107
2024,Z6,6,6108,,,VILLA FONTANA XI,2199.00,6108,6108
2024,Z6,6,6109,,,VILLA DEL SOL I,2199.00,6109,6109
2024,Z6,6,6110,,,FIDEICOMISO EL FLORIDO (LAS FUENTES),2199.00,6110,6110
2024,Z6,6,6111,,,VILLA FONTANA X,2199.00,6111,6111
2024,Z6,6,6113,,,VILLA DEL REAL VIII,2199.00,6113,6113
2024,Z6,6,6114,,,KINO II,1922.00,6114,6114
2024,Z6,6,6115,,,EL NIÑO,1240.00,6115,6115
2024,Z6,6,6116,,,PASEOS DEL GUAYCURA,2169.00,6116,6116
2024,Z6,6,6117,,,VILLA FONTANA XIV,2199.00,6117,6117
2024,Z6,6,6118,,,MISIÓN DE LAS CALIFORNIAS II,2391.00,6118,6118
2024,Z6,6,6119,,,TERRAZAS LA MORITA,1054.00,6119,6119
2024,Z6,6,6120,,,FIDEICOMISO EL FLORIDO LOMAS VIRREYES,2480.00,6120,6120
2024,Z6,6,6121,,,VILLA DEL SOL II,2199.00,6121,6121
2024,Z6,6,6123,,,VILLA DEL SOL III,2199.00,6123,6123
2024,Z6,6,6124,,,EJIDO FRANCISCO VILLA SUR,555.00,6124,6124
2024,Z6,6,6125,,,EJIDO OJO DE AGUA,720.00,6125,6125
2024,Z6,6,6126,,,FIDUZET,1375.00,6126,6126
2024,Z6,6,6127,,,LAGO SUR,1529.00,6127,6127
2024,Z6,6,6128,,,CETYS,1418.00,6128,6128
2024,Z6,6,6129,,,LAS MISIONES,1948.00,6129,6129
2024,Z6,6,6130,,,QUINTAS CAMPESTRES EL REFUGIO,223.00,6130,6130
2024,Z6,6,6131,,,VILLA DEL REAL XVI,2199.00,6131,6131
2024,Z6,6,6132,,,CUENCA LECHERA,311.00,6132,6132
2024,Z6,6,6133,,,PANTEÓN MONTE DE LOS OLIVOS,555.00,6133,6133
2024,Z6,6,6134,,,RINCÓN MEDITERRÁNEO,223.00,6134,6134
2024,Z6,6,6135,,,MESETA DEL CHEMA,1108.00,6135,6135
2024,Z6,6,6136,,,ZONA GAS SILZA,644.00,6136,6136
2024,Z6,6,6137,,,CERRIL (SUBURBANO),1500.00,6137,6137
2024,Z6,6,6138,,,SUBURBANO (ZONA CERRIL),245.00,6138,6138
2024,Z6,6,6144,,,ANEXA VILLA CRUZ,1439.00,6144,6144
2024,Z6,6,6145,,,ANEXA HORÓSCOPO,1131.00,6145,6145
2024,Z6,6,6146,,,ANEXA PRESIDENTES,1064.00,6146,6146
2024,Z6,6,6147,,,PARQ. IND. LOS POTROS,1786.00,6147,6147
2024,Z6,6,6148,,,VILLA FONTANA VIII,2199.00,6148,6148
2024,Z6,6,6149,,,CONDOMINIOS SAN CARLOS,2167.00,6149,6149
2024,Z6,6,6150,,,CERRO COLORADO,331.00,6150,6150
2024,Z6,6,6151,,,BAJA MAQ. EL ÁGUILA AL NORTE,2374.00,6151,6151
2024,Z6,6,6152,,,BAJA MAQ. EL ÁGUILA AL SUR,2547.00,6152,6152
2024,Z6,6,6153,,,FRACC. PÓRTICOS DE LA MESA,2094.00,6153,6153
2024,Z6,6,6154,,,PASEO DEL FLORIDO CALIFORNIA,2475.00,6154,6154
2024,Z6,6,6155,,,CAÑADAS DEL FLORIDO,2198.00,6155,6155
2024,Z6,6,6157,,,LOMAS DEL REFUGIO,2302.00,6157,6157
2024,Z6,6,6158,,,FIDEICOMISO EL FLORIDO II,1073.00,6158,6158
2024,Z6,6,6159,,,FIDEICOMISO EL FLORIDO III,820.00,6159,6159
2024,Z6,6,6160,,,CULTIVOS DE OLIVOS I,665.00,6160,6160
2024,Z6,6,6161,,,CULTIVOS DE OLIVOS II (PARQUE INDUSTRIAL),1653.00,6161,6161
2024,Z6,6,6162,,,PARQ. IND. LAS ABEJAS,1439.00,6162,6162
2024,Z6,6,6163,,,VISTA DEL VALLE,1240.00,6163,6163
2024,Z6,6,6164,,,VILLAS DEL DORADO,2199.00,6164,6164
2024,Z6,6,6165,,,MISIÓN DE LAS CALIFORNIAS III,2344.00,6165,6165
2024,Z6,6,6166,,,PLANICIE,1682.00,6166,6166
2024,Z6,6,6167,,,QUINTAS CAMPESTRE EL REFUGIO (NORTE),730.00,6167,6167
2024,Z6,6,6168,,,SAN CARLOS,2281.00,6168,6168
2024,Z6,6,6169,,,ALTIPLANO,1473.00,6169,6169
2024,Z6,6,6170,,,ANEXA EL REFUGIO,2072.00,6170,6170
2024,Z6,6,6171,,,VILLA DEL REAL X,2199.00,6171,6171
2024,Z6,6,6172,,,VILLA DEL SOL V,2199.00,6172,6172
2024,Z6,6,6173,,,VILLA FONTANA XII,2199.00,6173,6173
2024,Z6,6,6174,,,VILLA FONTANA XIX,2199.00,6174,6174
2024,Z6,6,6175,,,MONTE REAL,2214.00,6175,6175
2024,Z6,6,6176,,,VISTA HERMOSA,3128.00,6176,6176
2024,Z6,6,6177,,,VILLA FONTANA DELEGACIÓN,2598.00,6177,6177
2024,Z6,6,6178,,,EL CARMEN,510.00,6178,6178
2024,Z6,6,6179,,,REAL DE SAN FRANCISCO,2199.00,6179,6179
2024,Z6,6,6180,,,VILLA RESIDENCIAL DEL BOSQUE,2199.00,6180,6180
2024,Z6,6,6181,,,HACIENDA CASA GRANDE,2475.00,6181,6181
2024,Z6,6,6182,,,VISTAS DE PALMILLAS,2302.00,6182,6182
2024,Z6,6,6183,,,QUINTA RESIDENCIAL MONTECARLOS,2302.00,6183,6183
2024,Z6,6,6184,,,URBIVILLA DEL RÍO,1135.00,6184,6184
2024,Z6,6,6185,,,JARDINES DEL LAGO,2679.00,6185,6185
2024,Z6,6,6186,,,EL CARMEN ZONA CERRIL,318.00,6186,6186
2024,Z6,6,6187,,,LOS GIRASOLES II,1101.00,6187,6187
2024,Z6,6,6188,,,LOMAS DE TLATELOLCO,876.00,6188,6188
2024,Z6,6,6189,,,EL PEÑÓN,1439.00,6189,6189
2024,Z6,6,6190,,,EJIDO JAVIER ROJO GÓMEZ,1175.00,6190,6190
2024,Z6,6,6191,,,HACIENDA SANTA MARÍA,2199.00,6191,6191
2024,Z6,6,6192,,,HABITAT PIEDRAS BLANCAS,2840.00,6192,6192
2024,Z6,6,6193,,,BODEGAS Y MERCADOS LA ENCANTADA,1424.00,6193,6193
2024,Z6,6,6194,,,PASEOS DEL VERGEL,2302.00,6194,6194
2024,Z6,6,6195,,,CENTRO COMERCIAL PASEO 2000,2694.00,6195,6195
2024,Z6,6,6196,,,EL LAUREL,2302.00,6196,6196
2024,Z6,6,6197,,,LA MURALLA,2302.00,6197,6197
2024,Z6,6,6198,,,URBI VILLA DEL OLIVO,606.00,6198,6198
2024,Z6,6,6199,,,LA POSTA,311.00,6199,6199
2024,Z6,6,6201,,,VILLA DEL CAMPO,2015.00,6201,6201
2024,Z6,6,6202,,,VILLA DEL PASEO,766.00,6202,6202
2024,Z6,6,6204,,,LOMAS DE SAN PEDRO,1896.00,6204,6204
2024,Z6,6,6205,,,CIUDAD VALLE DE SAN PEDRO,1896.00,6205,6205
2024,Z6,6,6206,,,PASEO SANTA MARÍA,1108.00,6206,6206
2024,Z6,6,6207,,,MARGARITA RESIDENCIAL,886.00,6207,6207
2024,Z6,6,6208,,,AL NORTE DEL PANTEÓN MONTE DE LOS OLIVOS,1378.00,6208,6208
2024,Z6,6,6210,,,AL NORTE DEL EJIDO OJO DE AGUA,876.00,6210,6210
2024,Z6,6,6211,,,COLINAS DEL FLORIDO Y SAN FRANCISCO,775.00,6211,6211
2024,Z6,6,6212,,,AL ESTE DEL EJIDO MACLOVIO ROJAS,1008.00,6212,6212
2024,Z6,6,6213,,,QUINTA CAMPESTRE EL REFUGIO (SUR),1054.00,6213,6213
2024,Z6,6,6214,,,FRACCIONAMIENTO VALLE DEL SOL,1861.00,6214,6214
2024,Z6,6,6215,,,PARQUE INDUSTRIAL VALLE BONITO,1255.00,6215,6215
2024,Z6,6,6216,,,PLAZA SENDERO,2279.00,6216,6216
2024,Z6,6,6218,,,ZONA GASERAS VALLE REDONDO,652.00,6218,6218
2024,Z6,6,6219,,,INDUSTRIAL TOYOTA,869.00,6219,6219
2024,Z6,6,6222,,,ESPERANZA ALAMAR PEDREGAL,1247.00,6222,6222
2024,Z6,6,6223,,,PARQUE INDUSTRIAL LOS NOGALES,1206.00,6223,6223
2024,Z6,6,6224,,,RINCÓN DE ORO,870.00,6224,6224
2024,Z9,9,902,,,VALLE REDONDO,266.00,902,902
2024,Z9,9,903,,,RANCHO SAN YSIDRO,270.00,903,903
2024,Z9,9,904,,,ZONA CERRIL GENERAL,22.00,904,904
2024,Z9,9,905,,,VALLE LAS PALMAS,266.00,905,905
